date,product,category,sales
02-Feb-26,KOPI JAHE /R10,KOPI JAHE,410399.86
02-Feb-26,KUKU BIMA ENERGI ANGGUR /BOX720,KBE,188013.8
02-Feb-26,KOPI JAHE /R10,KOPI JAHE,9095982.91
02-Feb-26,KUKU BIMA ENERGI ANGGUR /BOX720,KBE,62337.6
02-Feb-26,SUSU JAHE /R10,SUSU JAHE,1184102.71
02-Feb-26,KUKU BIMA ENERGI ANGGUR /BOX720,KBE,376027.6
04-Feb-26,KUKU BIMA ENERGI ANGGUR /BOX720,KBE,62337.6
04-Feb-26,KUKU BIMA ENERGI ANGGUR /BOX720,KBE,748051.2
04-Feb-26,KUKU BIMA ENERGI ANGGUR /BOX720,KBE,62337.6
04-Feb-26,KUKU BIMA ENERGI ANGGUR /BOX720,KBE,1496102.4
04-Feb-26,SUSU JAHE /R10,SUSU JAHE,205199.93
04-Feb-26,SUSU JAHE /R10,SUSU JAHE,205199.93
04-Feb-26,KUKU BIMA ENERGI ANGGUR /BOX720,KBE,748051.2
04-Feb-26,KUKU BIMA ENERGI ANGGUR /BOX720,KBE,7674717.6
04-Feb-26,JM KOM PEGAL LINU,JAMU KOMPLIT,616203.18
04-Feb-26,ESEMAG/D5,ESEMAG,98340.23
04-Feb-26,TOLAK LINU CAIR /D5,TOLAK LINU,144399.9
04-Feb-26,TOLAK LINU MINT CAIR /D5,TOLAK LINU,144399.9
04-Feb-26,ESEMAG/D5,ESEMAG,196680.46
04-Feb-26,KUNYIT ASAM SIRIH /D5,KUNYIT ASAM,306504.3
04-Feb-26,KUKU BIMA ENERGI ANGGUR /BOX720,KBE,13954032
04-Feb-26,KUKU BIMA ENERGI ANGGUR /BOX720,KBE,1504094.4
05-Feb-26,ESEMAG/D5,ESEMAG,8195.02
05-Feb-26,ESEMAG/D5,ESEMAG,8195.02
05-Feb-26,ESEMAG/D5,ESEMAG,8195.02
05-Feb-26,ESEMAG/D5,ESEMAG,8195.02
05-Feb-26,ESEMAG/D5,ESEMAG,8195.02
05-Feb-26,ESEMAG/D5,ESEMAG,8195.02
05-Feb-26,ESEMAG/D5,ESEMAG,8195.02
05-Feb-26,ESEMAG/D5,ESEMAG,8195.02
05-Feb-26,ESEMAG/D5,ESEMAG,8195.02
05-Feb-26,ESEMAG/D5,ESEMAG,8195.02
05-Feb-26,ESEMAG/D5,ESEMAG,8195.02
05-Feb-26,ESEMAG/D5,ESEMAG,8195.02
05-Feb-26,ESEMAG/D5,ESEMAG,8195.02
05-Feb-26,ESEMAG/D5,ESEMAG,8195.02
05-Feb-26,ESEMAG/D5,ESEMAG,8195.02
05-Feb-26,ESEMAG/D5,ESEMAG,8195.02
05-Feb-26,ESEMAG/D5,ESEMAG,8195.02
05-Feb-26,ESEMAG/D5,ESEMAG,8195.02
05-Feb-26,ESEMAG/D5,ESEMAG,8195.02
05-Feb-26,ESEMAG/D5,ESEMAG,8195.02
05-Feb-26,ESEMAG/D5,ESEMAG,8195.02
05-Feb-26,ESEMAG/D5,ESEMAG,8195.02
05-Feb-26,ESEMAG/D5,ESEMAG,8195.02
05-Feb-26,ESEMAG/D5,ESEMAG,8195.02
05-Feb-26,ESEMAG/D5,ESEMAG,8195.02
05-Feb-26,ESEMAG/D5,ESEMAG,8195.02
05-Feb-26,ESEMAG/D5,ESEMAG,8195.02
05-Feb-26,ESEMAG/D5,ESEMAG,8195.02
05-Feb-26,ESEMAG/D5,ESEMAG,8195.02
05-Feb-26,ESEMAG/D5,ESEMAG,8195.02
05-Feb-26,ESEMAG/D5,ESEMAG,8195.02
05-Feb-26,ESEMAG/D5,ESEMAG,8195.02
05-Feb-26,ESEMAG/D5,ESEMAG,8195.02
05-Feb-26,ESEMAG/D5,ESEMAG,8195.02
05-Feb-26,ESEMAG/D5,ESEMAG,8195.02
05-Feb-26,ESEMAG/D5,ESEMAG,8195.02
05-Feb-26,SUSU JAHE /R10,SUSU JAHE,410399.86
05-Feb-26,KOPI JAHE /R10,KOPI JAHE,205199.93
05-Feb-26,KUKU BIMA ENERGI ANGGUR /BOX720,KBE,1496102.4
05-Feb-26,KUKU BIMA ENERGI ANGGUR /BOX720,KBE,752047.2
05-Feb-26,SUSU JAHE /R10,SUSU JAHE,51299.98
05-Feb-26,KUKU BIMA ENERGI ANGGUR /BOX720,KBE,374025.6
05-Feb-26,ESEMAG/D5,ESEMAG,24585.06
05-Feb-26,KUKU BIMA ENERGI ANGGUR /BOX720,KBE,62337.6
05-Feb-26,TOLAK LINU CAIR /D5,TOLAK LINU,14541
05-Feb-26,KUKU BIMA ENERGI ANGGUR /BOX720,KBE,125342.53
05-Feb-26,SUSU JAHE /R10,SUSU JAHE,34199.99
05-Feb-26,KUKU BIMA ENERGI ANGGUR /BOX720,KBE,62337.6
05-Feb-26,TOLAK LINU CAIR /D5,TOLAK LINU,452249.3
07-Feb-26,SUSU JAHE /R10,SUSU JAHE,17099.99
07-Feb-26,SUSU JAHE /R10,SUSU JAHE,17099.99
07-Feb-26,SUSU JAHE /R10,SUSU JAHE,17099.99
07-Feb-26,SUSU JAHE /R10,SUSU JAHE,17099.99
07-Feb-26,TOLAK ANGIN CAIR /D5,TAC,111488.4
07-Feb-26,SUSU JAHE /R10,SUSU JAHE,17099.99
07-Feb-26,SUSU JAHE /R10,SUSU JAHE,17099.99
07-Feb-26,SUSU JAHE /R10,SUSU JAHE,209199.92
07-Feb-26,SUSU JAHE /R10,SUSU JAHE,102599.96
09-Feb-26,KOPI JAHE /R10,KOPI JAHE,18900014.4
09-Feb-26,R KUNYIT ASAM DATANG BULAN //CAR12,KUNYIT ASAM,37615.68
09-Feb-26,SUSU JAHE /R10,SUSU JAHE,205199.93
09-Feb-26,SUSU JAHE /R10,SUSU JAHE,5703994.3
09-Feb-26,SUSU JAHE /R10,SUSU JAHE,410399.86
09-Feb-26,TOLAK ANGIN BEBAS GULA /D5,TAC BEBAS GULA,18755
09-Feb-26,TOLAK ANGIN FLU CAIR /D12,TAC FLU,44828.06
09-Feb-26,TOLAK ANGIN CAIR ANAK /D12,TAC ANAK,31197.97
09-Feb-26,ESEMAG/D5,ESEMAG,8388.99
09-Feb-26,TOLAK ANGIN BATUK DUS 5,TA BATUK,18755
09-Feb-26,SUSU JAHE /R10,SUSU JAHE,34199.99
09-Feb-26,TOLAK LINU CAIR /D5,TOLAK LINU,28879.98
09-Feb-26,R KUNYIT ASAM DATANG BULAN //CAR12,KUNYIT ASAM,31346.4
09-Feb-26,ESEMAG/D5,ESEMAG,49170.11
09-Feb-26,C-COLLAGEN STRAWBERRY LEMONADE @6,C+COLLAGEN,26198.18
09-Feb-26,C-COLLAGEN STRAWBERRY LEMONADE @6,C+COLLAGEN,175320.5
09-Feb-26,R KUNYIT ASAM DATANG BULAN //CAR12,KUNYIT ASAM,6269.28
09-Feb-26,C-COLLAGEN STRAWBERRY LEMONADE @6,C+COLLAGEN,8732.73
10-Feb-26,KOPI JAHE /R10,KOPI JAHE,13055986.94
10-Feb-26,SUSU JAHE /R10,SUSU JAHE,418399.85
10-Feb-26,SUSU JAHE /R10,SUSU JAHE,205199.93
10-Feb-26,SUSU JAHE /R10,SUSU JAHE,17099.99
10-Feb-26,SUSU JAHE /R10,SUSU JAHE,205199.93
10-Feb-26,SUSU JAHE /R10,SUSU JAHE,17099.99
10-Feb-26,SUSU JAHE /R10,SUSU JAHE,102599.96
10-Feb-26,TOLAK ANGIN CARE,TOLAK ANGIN CARE,135613.98
10-Feb-26,PERMEN TOLAK ANGIN /D,PERMEN,55478.13
10-Feb-26,TOLAK ANGIN FLU CAIR /D12,TAC FLU,89456.05
10-Feb-26,TOLAK ANGIN CAIR ANAK /D12,TAC ANAK,62195.88
10-Feb-26,R KUNYIT ASAM DATANG BULAN //CAR12,KUNYIT ASAM,79230.96
10-Feb-26,ALANGSARI PLUS JERUK NIPIS HANGER @720,ALANGSARI,26934.11
10-Feb-26,ALANGSARI PLUS JERUK MANIS HANGER @720,ALANGSARI,26934.11
10-Feb-26,ESEMAG/D5,ESEMAG,16612.04
10-Feb-26,KBE JERUK VIT C1000/D/720,KBE,126008.53
10-Feb-26,C-COLLAGEN STRAWBERRY LEMONADE @6,C+COLLAGEN,175320.5
10-Feb-26,SUSU JAHE /R10,SUSU JAHE,205199.93
10-Feb-26,KUNYIT ASAM /D,KUNYIT ASAM,145260.15
10-Feb-26,KUNYIT ASAM SIRIH /D5,KUNYIT ASAM,153252.15
10-Feb-26,R KUNYIT ASAM DATANG BULAN //CAR12,KUNYIT ASAM,150462.72
10-Feb-26,TOLAK ANGIN FLU CAIR /D12,TAC FLU,43536.55
10-Feb-26,SM VIT C 1000 LEMON /D6,SM VIT C 1000,979899.12
11-Feb-26,SUSU JAHE /R10,SUSU JAHE,1173297.53
11-Feb-26,KUNYIT ASAM SIRIH /D5,KUNYIT ASAM,306504.3
11-Feb-26,SUSU JAHE /R10,SUSU JAHE,1173297.53
11-Feb-26,SUSU JAHE /R10,SUSU JAHE,17099.99
11-Feb-26,TOLAK ANGIN CAIR ANAK /D12,TAC ANAK,30965.27
11-Feb-26,R KUNYIT ASAM DATANG BULAN //CAR12,KUNYIT ASAM,31346.4
11-Feb-26,SUSU JAHE /R10,SUSU JAHE,102599.96
11-Feb-26,C-COLLAGEN STRAWBERRY LEMONADE @6,C+COLLAGEN,17465.45
11-Feb-26,SUSU JAHE /R10,SUSU JAHE,34199.99
11-Feb-26,ESEMAG/D5,ESEMAG,81950.19
11-Feb-26,C-COLLAGEN STRAWBERRY LEMONADE @6,C+COLLAGEN,34931.17
11-Feb-26,TOLAK LINU CAIR /D5,TOLAK LINU,14439.99
11-Feb-26,SUSU JAHE /R10,SUSU JAHE,2054796.48
12-Feb-26,ESEMAG/D5,ESEMAG,81950.19
12-Feb-26,SUSU JAHE /R10,SUSU JAHE,205199.93
12-Feb-26,TOLAK ANGIN BATUK DUS 5,TA BATUK,668930.4
12-Feb-26,SUSU JAHE /R10,SUSU JAHE,102599.96
12-Feb-26,SUSU JAHE /R10,SUSU JAHE,17099.99
12-Feb-26,R KUNYIT ASAM DATANG BULAN //CAR12,KUNYIT ASAM,31346.4
12-Feb-26,R KUNYIT ASAM DATANG BULAN //CAR12,KUNYIT ASAM,31346.4
12-Feb-26,C-COLLAGEN STRAWBERRY LEMONADE @6,C+COLLAGEN,43663.96
12-Feb-26,SUSU JAHE /R10,SUSU JAHE,34199.99
12-Feb-26,ESEMAG/D5,ESEMAG,8195.02
13-Feb-26,KOPI JAHE /R10,KOPI JAHE,2532395.74
13-Feb-26,SUSU JAHE /R10,SUSU JAHE,205199.93
13-Feb-26,R KUNYIT ASAM DATANG BULAN //CAR12,KUNYIT ASAM,225694.08
13-Feb-26,KOPI JAHE RENDAH GULA /R10,KOPI JAHE,205199.93
13-Feb-26,R KUNYIT ASAM DATANG BULAN //CAR12,KUNYIT ASAM,75231.36
13-Feb-26,R KUNYIT ASAM DATANG BULAN //CAR12,KUNYIT ASAM,31346.4
13-Feb-26,R KUNYIT ASAM DATANG BULAN //CAR12,KUNYIT ASAM,31346.4
13-Feb-26,C-COLLAGEN STRAWBERRY LEMONADE @6,C+COLLAGEN,43663.96
13-Feb-26,C-COLLAGEN STRAWBERRY LEMONADE @6,C+COLLAGEN,43663.96
13-Feb-26,SUSU JAHE /R10,SUSU JAHE,210200.26
13-Feb-26,SUSU JAHE /R10,SUSU JAHE,34199.99
14-Feb-26,C-COLLAGEN STRAWBERRY LEMONADE @6,C+COLLAGEN,8732.73
14-Feb-26,C-COLLAGEN STRAWBERRY LEMONADE @6,C+COLLAGEN,8732.73
14-Feb-26,C-COLLAGEN STRAWBERRY LEMONADE @6,C+COLLAGEN,8732.73
14-Feb-26,C-COLLAGEN STRAWBERRY LEMONADE @6,C+COLLAGEN,8732.73
14-Feb-26,C-COLLAGEN STRAWBERRY LEMONADE @6,C+COLLAGEN,8732.73
14-Feb-26,C-COLLAGEN STRAWBERRY LEMONADE @6,C+COLLAGEN,8732.73
14-Feb-26,C-COLLAGEN STRAWBERRY LEMONADE @6,C+COLLAGEN,8732.73
14-Feb-26,C-COLLAGEN STRAWBERRY LEMONADE @6,C+COLLAGEN,8732.73
14-Feb-26,C-COLLAGEN STRAWBERRY LEMONADE @6,C+COLLAGEN,8732.73
14-Feb-26,SUSU JAHE /R10,SUSU JAHE,34859.99
14-Feb-26,C-COLLAGEN STRAWBERRY LEMONADE @6,C+COLLAGEN,87660.25
14-Feb-26,JM KOM PEGAL LINU,JAMU KOMPLIT,308101.59
14-Feb-26,SUSU JAHE /R10,SUSU JAHE,17099.99
14-Feb-26,SUSU JAHE /R10,SUSU JAHE,17099.99
14-Feb-26,ESEMAG/D5,ESEMAG,8195.02
14-Feb-26,C-COLLAGEN STRAWBERRY LEMONADE @6,C+COLLAGEN,8732.73
14-Feb-26,C-COLLAGEN STRAWBERRY LEMONADE @6,C+COLLAGEN,8732.73
14-Feb-26,TOLAK LINU CAIR /D5,TOLAK LINU,28879.98
14-Feb-26,C-COLLAGEN STRAWBERRY LEMONADE @6,C+COLLAGEN,8732.73
14-Feb-26,SUSU JAHE /R10,SUSU JAHE,34859.99
14-Feb-26,KOPI JAHE /R10,KOPI JAHE,210200.26
16-Feb-26,KUNYIT ASAM /D,KUNYIT ASAM,581040.6
16-Feb-26,KUNYIT ASAM SIRIH /D5,KUNYIT ASAM,919512.9
16-Feb-26,SUSU JAHE /R10,SUSU JAHE,410399.86
18-Feb-26,KOPI JAHE /R10,KOPI JAHE,3817991.52
18-Feb-26,SUSU JAHE /R10,SUSU JAHE,9199990.8
18-Feb-26,KOPI JAHE /R10,KOPI JAHE,36799963.2
18-Feb-26,KOPI JAHE /R10,KOPI JAHE,22079977.92
18-Feb-26,SUSU JAHE /R10,SUSU JAHE,34859.99
18-Feb-26,ESEMAG/D5,ESEMAG,16612.04
18-Feb-26,C-COLLAGEN STRAWBERRY LEMONADE @6,C+COLLAGEN,87660.25
18-Feb-26,KOPI JAHE /R10,KOPI JAHE,2098796.44
18-Feb-26,SUSU JAHE /R10,SUSU JAHE,34859.99
18-Feb-26,KOPI JAHE /R10,KOPI JAHE,622201.18
18-Feb-26,KOPI JAHE /R10,KOPI JAHE,209199.92
18-Feb-26,KOPI JAHE /R10,KOPI JAHE,3038409.22
18-Feb-26,KOPI JAHE /R10,KOPI JAHE,418399.85
18-Feb-26,KOPI JAHE /R10,KOPI JAHE,418399.85
18-Feb-26,KOPI JAHE /R10,KOPI JAHE,2098796.44
18-Feb-26,KOPI JAHE /R10,KOPI JAHE,209199.92
18-Feb-26,KOPI JAHE /R10,KOPI JAHE,3038409.22
18-Feb-26,SUSU JAHE /R10,SUSU JAHE,414800.78
18-Feb-26,KOPI JAHE /R10,KOPI JAHE,622201.18
18-Feb-26,KOPI JAHE /R10,KOPI JAHE,2801995.2
18-Feb-26,KOPI JAHE /R10,KOPI JAHE,102599.96
18-Feb-26,KOPI JAHE /R10,KOPI JAHE,205199.93
18-Feb-26,KOPI JAHE /R10,KOPI JAHE,11039988.96
18-Feb-26,KOPI JAHE /R10,KOPI JAHE,22079977.92
18-Feb-26,KOPI JAHE /R10,KOPI JAHE,6439993.56
18-Feb-26,KOPI JAHE /R10,KOPI JAHE,2801995.2
18-Feb-26,KOPI JAHE /R10,KOPI JAHE,6439993.56
18-Feb-26,KOPI JAHE /R10,KOPI JAHE,610201.19
18-Feb-26,SUSU JAHE /R10,SUSU JAHE,205199.93
18-Feb-26,KOPI JAHE /R10,KOPI JAHE,205199.93
18-Feb-26,KOPI JAHE /R10,KOPI JAHE,3038409.22
18-Feb-26,KOPI JAHE /R10,KOPI JAHE,209199.92
18-Feb-26,SUSU JAHE /R10,SUSU JAHE,4774986.9
18-Feb-26,KOPI JAHE /R10,KOPI JAHE,9549973.8
18-Feb-26,KOPI JAHE /R10,KOPI JAHE,209199.92
18-Feb-26,KOPI JAHE /R10,KOPI JAHE,209199.92
18-Feb-26,KOPI JAHE /R10,KOPI JAHE,2098796.44
18-Feb-26,KOPI JAHE /R10,KOPI JAHE,2861995.14
18-Feb-26,TOLAK ANGIN CAIR ANAK /D12,TAC ANAK,30291.68
18-Feb-26,KOPI JAHE /R10,KOPI JAHE,418399.85
19-Feb-26,SUSU JAHE /R10,SUSU JAHE,17099.99
19-Feb-26,SUSU JAHE /R10,SUSU JAHE,17099.99
19-Feb-26,SUSU JAHE /R10,SUSU JAHE,17099.99
19-Feb-26,SUSU JAHE /R10,SUSU JAHE,17099.99
19-Feb-26,SUSU JAHE /R10,SUSU JAHE,17099.99
19-Feb-26,SUSU JAHE /R10,SUSU JAHE,17099.99
19-Feb-26,SUSU JAHE /R10,SUSU JAHE,17099.99
19-Feb-26,SUSU JAHE /R10,SUSU JAHE,17099.99
19-Feb-26,SUSU JAHE /R10,SUSU JAHE,17099.99
19-Feb-26,SUSU JAHE /R10,SUSU JAHE,17099.99
19-Feb-26,SUSU JAHE /R10,SUSU JAHE,17099.99
19-Feb-26,SUSU JAHE /R10,SUSU JAHE,17099.99
19-Feb-26,SUSU JAHE /R10,SUSU JAHE,17099.99
19-Feb-26,SUSU JAHE /R10,SUSU JAHE,17099.99
19-Feb-26,SUSU JAHE /R10,SUSU JAHE,17099.99
19-Feb-26,SUSU JAHE /R10,SUSU JAHE,17099.99
19-Feb-26,SUSU JAHE /R10,SUSU JAHE,17099.99
19-Feb-26,SUSU JAHE /R10,SUSU JAHE,17099.99
19-Feb-26,SUSU JAHE /R10,SUSU JAHE,17099.99
19-Feb-26,KOPI JAHE /R10,KOPI JAHE,9199990.8
19-Feb-26,KUNYIT ASAM /D,KUNYIT ASAM,290520.3
19-Feb-26,KUNYIT ASAM SIRIH /D5,KUNYIT ASAM,919512.9
19-Feb-26,TOLAK LINU MINT CAIR /D5,TOLAK LINU,216599.85
19-Feb-26,SUSU JAHE /R10,SUSU JAHE,3789992.88
19-Feb-26,KUKU BIMA ENERGI MANGGA /BOX360,KBE,374025.6
19-Feb-26,KOPI JAHE /R10,KOPI JAHE,3789992.88
19-Feb-26,KOPI JAHE /R10,KOPI JAHE,2974409.28
19-Feb-26,KOPI JAHE /R10,KOPI JAHE,9199990.8
19-Feb-26,SUSU JAHE /R10,SUSU JAHE,2023997.98
19-Feb-26,KOPI JAHE /R10,KOPI JAHE,9199990.8
19-Feb-26,KOPI JAHE /R10,KOPI JAHE,18399981.6
19-Feb-26,KOPI JAHE /R10,KOPI JAHE,9199990.8
19-Feb-26,KOPI JAHE /R10,KOPI JAHE,18399981.6
19-Feb-26,KOPI JAHE /R10,KOPI JAHE,2801995.2
19-Feb-26,SUSU JAHE /R10,SUSU JAHE,406800.79
19-Feb-26,KOPI JAHE /R10,KOPI JAHE,406800.79
19-Feb-26,KOPI JAHE /R10,KOPI JAHE,2861995.14
19-Feb-26,KUNYIT ASAM /D,KUNYIT ASAM,43578.05
19-Feb-26,SUSU JAHE /R10,SUSU JAHE,17099.99
19-Feb-26,SUSU JAHE /R10,SUSU JAHE,17099.99
19-Feb-26,SUSU JAHE /R10,SUSU JAHE,17099.99
19-Feb-26,SUSU JAHE /R10,SUSU JAHE,17099.99
19-Feb-26,SUSU JAHE /R10,SUSU JAHE,17099.99
19-Feb-26,SUSU JAHE /R10,SUSU JAHE,17099.99
19-Feb-26,SUSU JAHE /R10,SUSU JAHE,17099.99
20-Feb-26,KOPI JAHE /R10,KOPI JAHE,9450007.2
20-Feb-26,KOPI JAHE /R10,KOPI JAHE,34199.99
20-Feb-26,C-COLLAGEN STRAWBERRY LEMONADE @6,C+COLLAGEN,8732.73
20-Feb-26,KOPI JAHE /R10,KOPI JAHE,34199.99
20-Feb-26,KOPI JAHE /R10,KOPI JAHE,34199.99
20-Feb-26,KOPI JAHE /R10,KOPI JAHE,34199.99
20-Feb-26,KOPI JAHE /R10,KOPI JAHE,34199.99
20-Feb-26,KOPI JAHE /R10,KOPI JAHE,34199.99
20-Feb-26,KOPI JAHE /R10,KOPI JAHE,34199.99
20-Feb-26,KOPI JAHE /R10,KOPI JAHE,34199.99
20-Feb-26,KOPI JAHE /R10,KOPI JAHE,34199.99
20-Feb-26,KOPI JAHE /R10,KOPI JAHE,17099.99
20-Feb-26,KOPI JAHE /R10,KOPI JAHE,17099.99
20-Feb-26,KOPI JAHE /R10,KOPI JAHE,17099.99
20-Feb-26,KOPI JAHE /R10,KOPI JAHE,17099.99
20-Feb-26,KOPI JAHE /R10,KOPI JAHE,17099.99
20-Feb-26,KOPI JAHE /R10,KOPI JAHE,17099.99
20-Feb-26,KOPI JAHE /R10,KOPI JAHE,17099.99
20-Feb-26,KOPI JAHE /R10,KOPI JAHE,17099.99
20-Feb-26,KOPI JAHE /R10,KOPI JAHE,17099.99
20-Feb-26,KOPI JAHE /R10,KOPI JAHE,17099.99
20-Feb-26,KOPI JAHE /R10,KOPI JAHE,17099.99
20-Feb-26,KOPI JAHE /R10,KOPI JAHE,17099.99
20-Feb-26,KOPI JAHE /R10,KOPI JAHE,17099.99
20-Feb-26,KOPI JAHE /R10,KOPI JAHE,17099.99
20-Feb-26,KOPI JAHE /R10,KOPI JAHE,17099.99
20-Feb-26,KOPI JAHE /R10,KOPI JAHE,17099.99
20-Feb-26,KOPI JAHE /R10,KOPI JAHE,17099.99
20-Feb-26,KOPI JAHE /R10,KOPI JAHE,17099.99
20-Feb-26,KOPI JAHE /R10,KOPI JAHE,17099.99
20-Feb-26,KOPI JAHE /R10,KOPI JAHE,17099.99
20-Feb-26,KOPI JAHE /R10,KOPI JAHE,17099.99
20-Feb-26,KOPI JAHE /R10,KOPI JAHE,17099.99
20-Feb-26,SUSU JAHE /R10,SUSU JAHE,34859.99
20-Feb-26,KOPI JAHE /R10,KOPI JAHE,2098796.44
20-Feb-26,KOPI JAHE /R10,KOPI JAHE,34199.99
20-Feb-26,KOPI JAHE /R10,KOPI JAHE,34199.99
20-Feb-26,KOPI JAHE /R10,KOPI JAHE,34199.99
20-Feb-26,KOPI JAHE /R10,KOPI JAHE,34199.99
20-Feb-26,KOPI JAHE /R10,KOPI JAHE,34199.99
20-Feb-26,KOPI JAHE /R10,KOPI JAHE,17099.99
20-Feb-26,KOPI JAHE /R10,KOPI JAHE,17099.99
20-Feb-26,KOPI JAHE /R10,KOPI JAHE,34199.99
21-Feb-26,C-COLLAGEN STRAWBERRY LEMONADE @6,C+COLLAGEN,8732.73
21-Feb-26,C-COLLAGEN STRAWBERRY LEMONADE @6,C+COLLAGEN,8732.73
21-Feb-26,KOPI JAHE /R10,KOPI JAHE,34199.99
21-Feb-26,KOPI JAHE /R10,KOPI JAHE,1025999.64
21-Feb-26,KOPI JAHE /R10,KOPI JAHE,34199.99
21-Feb-26,KOPI JAHE /R10,KOPI JAHE,34199.99
21-Feb-26,KOPI JAHE /R10,KOPI JAHE,34199.99
21-Feb-26,KOPI JAHE /R10,KOPI JAHE,34199.99
21-Feb-26,KOPI JAHE /R10,KOPI JAHE,34199.99
21-Feb-26,KOPI JAHE /R10,KOPI JAHE,34199.99
21-Feb-26,KOPI JAHE /R10,KOPI JAHE,34199.99
21-Feb-26,KOPI JAHE /R10,KOPI JAHE,34199.99
21-Feb-26,KOPI JAHE /R10,KOPI JAHE,3718011.6
21-Feb-26,SUSU JAHE /R10,SUSU JAHE,416399.18
21-Feb-26,KOPI JAHE /R10,KOPI JAHE,208199.59
21-Feb-26,KOPI JAHE /R10,KOPI JAHE,208199.59
21-Feb-26,KOPI JAHE /R10,KOPI JAHE,208199.59
21-Feb-26,KOPI JAHE /R10,KOPI JAHE,18399981.6
21-Feb-26,KOPI JAHE /R10,KOPI JAHE,6544981.8
21-Feb-26,SUSU JAHE /R10,SUSU JAHE,412800.12
21-Feb-26,KOPI JAHE /R10,KOPI JAHE,412800.12
21-Feb-26,SUSU JAHE /R10,SUSU JAHE,410999.26
21-Feb-26,KOPI JAHE /R10,KOPI JAHE,1185900.91
21-Feb-26,SUSU JAHE /R10,SUSU JAHE,416399.18
21-Feb-26,TOLAK ANGIN BATUK DUS 5,TA BATUK,37329.97
21-Feb-26,SUSU JAHE /R10,SUSU JAHE,2023997.98
21-Feb-26,KOPI JAHE /R10,KOPI JAHE,4415995.58
21-Feb-26,KOPI JAHE /R10,KOPI JAHE,34199.99
21-Feb-26,KOPI JAHE /R10,KOPI JAHE,34199.99
21-Feb-26,KOPI JAHE /R10,KOPI JAHE,34199.99
21-Feb-26,KOPI JAHE /R10,KOPI JAHE,34199.99
21-Feb-26,KOPI JAHE /R10,KOPI JAHE,34199.99
21-Feb-26,KOPI JAHE /R10,KOPI JAHE,34199.99
21-Feb-26,KOPI JAHE /R10,KOPI JAHE,34199.99
21-Feb-26,KOPI JAHE /R10,KOPI JAHE,34199.99
21-Feb-26,KOPI JAHE /R10,KOPI JAHE,34199.99
21-Feb-26,KOPI JAHE /R10,KOPI JAHE,34199.99
21-Feb-26,KOPI JAHE /R10,KOPI JAHE,34199.99
21-Feb-26,KOPI JAHE /R10,KOPI JAHE,34199.99
21-Feb-26,KOPI JAHE /R10,KOPI JAHE,34199.99
21-Feb-26,KOPI JAHE /R10,KOPI JAHE,34199.99
21-Feb-26,KOPI JAHE /R10,KOPI JAHE,34199.99
21-Feb-26,KOPI JAHE /R10,KOPI JAHE,34199.99
21-Feb-26,KOPI JAHE /R10,KOPI JAHE,34199.99
21-Feb-26,KOPI JAHE /R10,KOPI JAHE,34199.99
21-Feb-26,TOLAK LINU CAIR /D5,TOLAK LINU,43319.97
21-Feb-26,KOPI JAHE /R10,KOPI JAHE,34199.99
21-Feb-26,KOPI JAHE /R10,KOPI JAHE,34199.99
21-Feb-26,KOPI JAHE /R10,KOPI JAHE,34199.99
21-Feb-26,SUSU JAHE /R10,SUSU JAHE,208199.59
21-Feb-26,KOPI JAHE /R10,KOPI JAHE,34199.99
21-Feb-26,KOPI JAHE /R10,KOPI JAHE,34199.99
21-Feb-26,KOPI JAHE /R10,KOPI JAHE,34199.99
21-Feb-26,KOPI JAHE /R10,KOPI JAHE,34199.99
21-Feb-26,C-COLLAGEN STRAWBERRY LEMONADE @6,C+COLLAGEN,8732.73
21-Feb-26,C-COLLAGEN STRAWBERRY LEMONADE @6,C+COLLAGEN,8732.73
21-Feb-26,C-COLLAGEN STRAWBERRY LEMONADE @6,C+COLLAGEN,8732.73
21-Feb-26,KOPI JAHE /R10,KOPI JAHE,34199.99
21-Feb-26,KOPI JAHE /R10,KOPI JAHE,34199.99
21-Feb-26,KOPI JAHE /R10,KOPI JAHE,34199.99
21-Feb-26,KOPI JAHE /R10,KOPI JAHE,2801995.2
21-Feb-26,SUSU JAHE /R10,SUSU JAHE,34859.99
21-Feb-26,KOPI JAHE /R10,KOPI JAHE,34199.99
21-Feb-26,KOPI JAHE /R10,KOPI JAHE,34199.99
23-Feb-26,SUSU JAHE /R10,SUSU JAHE,34199.99
23-Feb-26,KOPI JAHE /R10,KOPI JAHE,102599.96
23-Feb-26,KOPI JAHE /R10,KOPI JAHE,36799963.2
23-Feb-26,KOPI JAHE /R10,KOPI JAHE,102599.96
23-Feb-26,KOPI JAHE /R10,KOPI JAHE,615599.78
23-Feb-26,KOPI JAHE /R10,KOPI JAHE,34199.99
23-Feb-26,KOPI JAHE /R10,KOPI JAHE,410399.86
23-Feb-26,SUSU JAHE /R10,SUSU JAHE,34199.99
23-Feb-26,SUSU JAHE /R10,SUSU JAHE,34859.99
23-Feb-26,C-COLLAGEN STRAWBERRY LEMONADE @6,C+COLLAGEN,87660.25
23-Feb-26,SUSU JAHE /R10,SUSU JAHE,34859.99
23-Feb-26,KOPI JAHE /R10,KOPI JAHE,209199.92
23-Feb-26,SUSU JAHE /R10,SUSU JAHE,34859.99
23-Feb-26,SUSU JAHE /R10,SUSU JAHE,34859.99
23-Feb-26,SUSU JAHE /R10,SUSU JAHE,34859.99
24-Feb-26,KOPI JAHE /R10,KOPI JAHE,34199.99
24-Feb-26,KOPI JAHE /R10,KOPI JAHE,34199.99
24-Feb-26,KOPI JAHE /R10,KOPI JAHE,34199.99
24-Feb-26,KOPI JAHE /R10,KOPI JAHE,34199.99
24-Feb-26,KOPI JAHE /R10,KOPI JAHE,34199.99
24-Feb-26,KOPI JAHE /R10,KOPI JAHE,34199.99
24-Feb-26,C-COLLAGEN STRAWBERRY LEMONADE @6,C+COLLAGEN,8732.73
24-Feb-26,KOPI JAHE /R10,KOPI JAHE,34199.99
24-Feb-26,C-COLLAGEN STRAWBERRY LEMONADE @6,C+COLLAGEN,8732.73
24-Feb-26,KUKU BIMA ENERGI ANGGUR /BOX720,KBE,48839112
24-Feb-26,SUSU JAHE /R10,SUSU JAHE,968750.28
24-Feb-26,KOPI JAHE /R10,KOPI JAHE,2974409.28
24-Feb-26,KOPI JAHE /R10,KOPI JAHE,4747514.4
24-Feb-26,KUKU BIMA ENERGI ANGGUR /BOX720,KBE,62671.27
24-Feb-26,KUKU BIMA ENERGI ANGGUR /BOX720,KBE,1504094.4
24-Feb-26,KOPI JAHE /R10,KOPI JAHE,3038409.22
24-Feb-26,KUKU BIMA ENERGI ANGGUR /BOX720,KBE,4361282.35
24-Feb-26,SUSU JAHE /R10,SUSU JAHE,209199.92
24-Feb-26,KOPI JAHE /R10,KOPI JAHE,209199.92
24-Feb-26,KOPI JAHE /R10,KOPI JAHE,205199.93
24-Feb-26,KOPI JAHE /R10,KOPI JAHE,34199.99
24-Feb-26,KOPI JAHE /R10,KOPI JAHE,92375532
24-Feb-26,KUKU BIMA ENERGI ANGGUR /BOX720,KBE,4361234.4
24-Feb-26,KOPI JAHE /R10,KOPI JAHE,3038409.22
24-Feb-26,KUKU BIMA ENERGI ANGGUR /BOX720,KBE,376027.6
24-Feb-26,KOPI JAHE /R10,KOPI JAHE,209199.92
24-Feb-26,SUSU JAHE /R10,SUSU JAHE,414800.78
24-Feb-26,KOPI JAHE /R10,KOPI JAHE,414800.78
25-Feb-26,C-COLLAGEN STRAWBERRY LEMONADE @6,C+COLLAGEN,8732.73
25-Feb-26,KOPI JAHE /R10,KOPI JAHE,34199.99
25-Feb-26,KOPI JAHE /R10,KOPI JAHE,34199.99
25-Feb-26,KOPI JAHE /R10,KOPI JAHE,34199.99
25-Feb-26,KOPI JAHE /R10,KOPI JAHE,34199.99
25-Feb-26,KOPI JAHE /R10,KOPI JAHE,34199.99
25-Feb-26,KUKU BIMA ENERGI ANGGUR /BOX720,KBE,62793144
25-Feb-26,KUKU BIMA ENERGI ANGGUR /BOX720,KBE,752047.2
25-Feb-26,JM KOM PEGAL LINU,JAMU KOMPLIT,311624.73
25-Feb-26,KUNYIT ASAM /D,KUNYIT ASAM,595039.92
25-Feb-26,KUNYIT ASAM SIRIH /D5,KUNYIT ASAM,627007.92
25-Feb-26,JM KOMP KUKU BIMA,JAMU KOMPLIT,400510.2
25-Feb-26,SUSU JAHE /R10,SUSU JAHE,418999.25
25-Feb-26,KOPI JAHE /R10,KOPI JAHE,1008250.74
25-Feb-26,SUSU JAHE /R10,SUSU JAHE,4774986.9
25-Feb-26,KOPI JAHE /R10,KOPI JAHE,9549973.8
25-Feb-26,KUKU BIMA ENERGI ANGGUR /BOX720,KBE,20931048
25-Feb-26,KUKU BIMA ENERGI ANGGUR /BOX720,KBE,20931048
25-Feb-26,KUKU BIMA ENERGI ANGGUR /BOX720,KBE,11163225.6
25-Feb-26,KUKU BIMA ENERGI ANGGUR /BOX720,KBE,8372419.2
25-Feb-26,KUKU BIMA ENERGI ANGGUR /BOX720,KBE,7674717.6
25-Feb-26,KUKU BIMA ENERGI ANGGUR /BOX720,KBE,4337258.4
25-Feb-26,TOLAK ANGIN CAIR /D12,TAC,1340861.8
25-Feb-26,KUKU BIMA ENERGI ANGGUR /BOX720,KBE,751048.2
25-Feb-26,KOPI JAHE /R10,KOPI JAHE,6623993.38
25-Feb-26,KOPI JAHE /R10,KOPI JAHE,4647514.5
25-Feb-26,KUKU BIMA ENERGI ANGGUR /BOX720,KBE,7228764
25-Feb-26,KUKU BIMA ENERGI ANGGUR /BOX720,KBE,4337258.4
25-Feb-26,KOPI JAHE /R10,KOPI JAHE,6623993.38
25-Feb-26,KOPI JAHE /R10,KOPI JAHE,1173297.53
25-Feb-26,C-COLLAGEN STRAWBERRY LEMONADE @6,C+COLLAGEN,8732.73
25-Feb-26,KOPI JAHE /R10,KOPI JAHE,34199.99
25-Feb-26,KOPI JAHE /R10,KOPI JAHE,34199.99
25-Feb-26,KOPI JAHE /R10,KOPI JAHE,34199.99
25-Feb-26,KOPI JAHE /R10,KOPI JAHE,34199.99
25-Feb-26,KOPI JAHE /R10,KOPI JAHE,34199.99
25-Feb-26,C-COLLAGEN STRAWBERRY LEMONADE @6,C+COLLAGEN,8732.73
25-Feb-26,C-COLLAGEN STRAWBERRY LEMONADE @6,C+COLLAGEN,8732.73
25-Feb-26,KUKU BIMA ENERGI ANGGUR /BOX720,KBE,41862096
25-Feb-26,ALANGSARI PLUS JERUK NIPIS HANGER @720,ALANGSARI,35244.72
25-Feb-26,ALANGSARI PLUS JERUK MANIS HANGER @720,ALANGSARI,35244.72
25-Feb-26,KOPI JAHE /R10,KOPI JAHE,34199.99
25-Feb-26,KOPI JAHE /R10,KOPI JAHE,34199.99
25-Feb-26,JM KOM PEGAL LINU,JAMU KOMPLIT,124649.89
25-Feb-26,JM KOMP KUKU BIMA,JAMU KOMPLIT,160204.08
25-Feb-26,KOPI JAHE /R10,KOPI JAHE,2131792.74
25-Feb-26,KOPI JAHE /R10,KOPI JAHE,34199.99
26-Feb-26,KUKU BIMA ENERGI ANGGUR /BOX720,KBE,311688
26-Feb-26,KOPI JAHE /R10,KOPI JAHE,102599.96
26-Feb-26,KUKU BIMA ENERGI ANGGUR /BOX720,KBE,42162275.52
26-Feb-26,KUKU BIMA ENERGI ANGGUR /BOX720,KBE,2244153.6
26-Feb-26,SUSU JAHE /R10,SUSU JAHE,410399.86
26-Feb-26,KOPI JAHE /R10,KOPI JAHE,615599.78
26-Feb-26,C-COLLAGEN STRAWBERRY LEMONADE @6,C+COLLAGEN,34931.17
26-Feb-26,KUKU BIMA ENERGI ANGGUR /BOX720,KBE,752047.2
26-Feb-26,KOPI JAHE /R10,KOPI JAHE,418399.85
26-Feb-26,SUSU JAHE /R10,SUSU JAHE,3679996.32
26-Feb-26,KUKU BIMA ENERGI ANGGUR /BOX720,KBE,7674717.6
26-Feb-26,KOPI JAHE /R10,KOPI JAHE,5519994.48
26-Feb-26,SUSU JAHE /R10,SUSU JAHE,34859.99
26-Feb-26,SUSU JAHE /R10,SUSU JAHE,34859.99
26-Feb-26,SUSU JAHE /R10,SUSU JAHE,34859.99
26-Feb-26,KOPI JAHE /R10,KOPI JAHE,18900014.4
27-Feb-26,KOPI JAHE /R10,KOPI JAHE,18900014.4
27-Feb-26,KOPI JAHE /R10,KOPI JAHE,34199.99
27-Feb-26,KOPI JAHE /R10,KOPI JAHE,34199.99
27-Feb-26,KOPI JAHE /R10,KOPI JAHE,34199.99
27-Feb-26,KOPI JAHE /R10,KOPI JAHE,34199.99
27-Feb-26,KOPI JAHE /R10,KOPI JAHE,34199.99
27-Feb-26,C-COLLAGEN STRAWBERRY LEMONADE @6,C+COLLAGEN,8732.73
27-Feb-26,SUSU JAHE /R10,SUSU JAHE,418399.85
27-Feb-26,KUKU BIMA ENERGI ANGGUR /BOX720,KBE,752047.2
27-Feb-26,TOLAK ANGIN FLU CAIR /D12,TAC FLU,267572.16
27-Feb-26,KUKU BIMA ENERGI ANGGUR /BOX720,KBE,1496102.4
27-Feb-26,TOLAK ANGIN CAIR /D12,TAC,1337860.8
27-Feb-26,KUKU BIMA ENERGI ANGGUR /BOX720,KBE,7228764
27-Feb-26,TOLAK ANGIN CAIR /D12,TAC,535144.32
27-Feb-26,KUKU BIMA ENERGI ANGGUR /BOX720,KBE,2244153.6
27-Feb-26,KUKU BIMA ENERGI ANGGUR /BOX720,KBE,748051.2
27-Feb-26,KUKU BIMA ENERGI ANGGUR /BOX720,KBE,20931048
27-Feb-26,KUKU BIMA ENERGI ANGGUR /BOX720,KBE,4337258.4
27-Feb-26,KUKU BIMA ENERGI ANGGUR /BOX720,KBE,748051.2
27-Feb-26,TOLAK ANGIN CAIR /D12,TAC,133786.08
27-Feb-26,KUKU BIMA ENERGI ANGGUR /BOX720,KBE,187012.8
27-Feb-26,KUKU BIMA ENERGI ANGGUR /BOX720,KBE,374025.6
27-Feb-26,KOPI JAHE /R10,KOPI JAHE,997747.92
27-Feb-26,KOPI JAHE /R10,KOPI JAHE,34199.99
27-Feb-26,KOPI JAHE /R10,KOPI JAHE,34199.99
27-Feb-26,KOPI JAHE /R10,KOPI JAHE,9199990.8
27-Feb-26,KOPI JAHE /R10,KOPI JAHE,5726987.28
28-Feb-26,KOPI JAHE /R10,KOPI JAHE,9700023.6
28-Feb-26,KOPI JAHE /R10,KOPI JAHE,5876997.12
28-Feb-26,KUNYIT ASAM SIRIH /D5,KUNYIT ASAM,76626.08
28-Feb-26,C-COLLAGEN STRAWBERRY LEMONADE @6,C+COLLAGEN,17465.45
28-Feb-26,C-COLLAGEN STRAWBERRY LEMONADE @6,C+COLLAGEN,17465.45
28-Feb-26,C-COLLAGEN STRAWBERRY LEMONADE @6,C+COLLAGEN,17465.45
28-Feb-26,C-COLLAGEN STRAWBERRY LEMONADE @6,C+COLLAGEN,17465.45
28-Feb-26,C-COLLAGEN STRAWBERRY LEMONADE @6,C+COLLAGEN,17465.45
28-Feb-26,C-COLLAGEN STRAWBERRY LEMONADE @6,C+COLLAGEN,17465.45
28-Feb-26,C-COLLAGEN STRAWBERRY LEMONADE @6,C+COLLAGEN,43663.96
28-Feb-26,KOPI JAHE /R10,KOPI JAHE,36799963.2
28-Feb-26,KOPI JAHE /R10,KOPI JAHE,18399981.6
28-Feb-26,ESEMAG/D5,ESEMAG,295020.68
28-Feb-26,KUKU BIMA ENERGI ANGGUR /BOX720,KBE,4337258.4
28-Feb-26,KOPI JAHE /R10,KOPI JAHE,4089812.76
28-Feb-26,KUKU BIMA ENERGI ANGGUR /BOX720,KBE,4337258.4
28-Feb-26,SUSU JAHE /R10,SUSU JAHE,403199.06
28-Feb-26,KUKU BIMA ENERGI ANGGUR /BOX720,KBE,4337258.4
28-Feb-26,KOPI JAHE /R10,KOPI JAHE,4833415.08
28-Feb-26,KOPI JAHE /R10,KOPI JAHE,22079977.92
28-Feb-26,KUKU BIMA ENERGI ANGGUR /BOX720,KBE,4337258.4
28-Feb-26,KOPI JAHE /R10,KOPI JAHE,424399.18
28-Feb-26,C-COLLAGEN STRAWBERRY LEMONADE @6,C+COLLAGEN,87660.25
28-Feb-26,KUKU BIMA ENERGI ANGGUR /BOX720,KBE,376027.6
28-Feb-26,SUSU JAHE /R10,SUSU JAHE,34859.99
28-Feb-26,KOPI JAHE /R10,KOPI JAHE,37800028.8
28-Feb-26,C-COLLAGEN STRAWBERRY LEMONADE @6,C+COLLAGEN,43663.96
28-Feb-26,C-COLLAGEN STRAWBERRY LEMONADE @6,C+COLLAGEN,26198.18
28-Feb-26,KOPI JAHE /R10,KOPI JAHE,34199.99
28-Feb-26,KOPI JAHE /R10,KOPI JAHE,34199.99
28-Feb-26,KOPI JAHE /R10,KOPI JAHE,34199.99
28-Feb-26,KOPI JAHE /R10,KOPI JAHE,34199.99
28-Feb-26,KOPI JAHE /R10,KOPI JAHE,34199.99
28-Feb-26,KOPI JAHE /R10,KOPI JAHE,34199.99
28-Feb-26,KOPI JAHE /R10,KOPI JAHE,34199.99
28-Feb-26,KOPI JAHE /R10,KOPI JAHE,34199.99
28-Feb-26,KOPI JAHE /R10,KOPI JAHE,34199.99
28-Feb-26,KOPI JAHE /R10,KOPI JAHE,34199.99
28-Feb-26,KOPI JAHE /R10,KOPI JAHE,34199.99
28-Feb-26,KOPI JAHE /R10,KOPI JAHE,34199.99
28-Feb-26,KBE ANGGUR VIT C1000/D/720,KBE,4640219.14
28-Feb-26,SM VIT C 1000 SWEET ORANGE /D6,SM VIT C 1000,923795.28
28-Feb-26,TOLAK ANGIN FLU CAIR /D5,TAC FLU,2985835.18
28-Feb-26,TOLAK ANGIN FLU CAIR /D12,TAC FLU,43536.55
28-Feb-26,TOLAK ANGIN CAIR /D5,TAC,13503762.72
28-Feb-26,PERMEN TOLAK ANGIN /D,PERMEN,1353600.21
28-Feb-26,TOLAK ANGIN CAIR ANAK /D5,TAC ANAK,1899642.46
28-Feb-26,SM VIT C 1000 LEMON /D6,SM VIT C 1000,979899.12
28-Feb-26,KBE ANGGUR VIT C1000/D/720,KBE,6960328.7
28-Feb-26,KUKU BIMA ENERGI ANGGUR /BOX720,KBE,7415776.8
28-Feb-26,SUSU JAHE /R10,SUSU JAHE,209199.92
28-Feb-26,KOPI JAHE /R10,KOPI JAHE,209199.92
28-Feb-26,C-COLLAGEN STRAWBERRY LEMONADE @6,C+COLLAGEN,43663.96
02-Mar-26,SUSU JAHE /R10,SUSU JAHE,205199.93
02-Mar-26,KOPI JAHE /R10,KOPI JAHE,205199.93
02-Mar-26,KUKU BIMA ENERGI ANGGUR /BOX720,KBE,7674717.6
02-Mar-26,KOPI JAHE /R10,KOPI JAHE,9474982.2
02-Mar-26,KUKU BIMA ENERGI ANGGUR /BOX720,KBE,124675.2
02-Mar-26,KUKU BIMA ENERGI ANGGUR /BOX720,KBE,7674717.6
02-Mar-26,KUKU BIMA ENERGI ANGGUR /BOX720,KBE,249350.4
02-Mar-26,SUSU JAHE /R10,SUSU JAHE,51299.98
02-Mar-26,KUKU BIMA ENERGI ANGGUR /BOX720,KBE,187012.8
02-Mar-26,KOPI JAHE /R10,KOPI JAHE,51299.98
02-Mar-26,SUSU JAHE /R10,SUSU JAHE,102599.96
02-Mar-26,KUKU BIMA ENERGI ANGGUR /BOX720,KBE,748051.2
02-Mar-26,TOLAK ANGIN CAIR /D12,TAC,445953.6
02-Mar-26,KUKU BIMA ENERGI ANGGUR /BOX720,KBE,748051.2
02-Mar-26,KOPI JAHE /R10,KOPI JAHE,1973504.52
02-Mar-26,KOPI JAHE /R10,KOPI JAHE,17099.99
02-Mar-26,KOPI JAHE /R10,KOPI JAHE,17099.99
02-Mar-26,KOPI JAHE /R10,KOPI JAHE,17099.99
02-Mar-26,KOPI JAHE /R10,KOPI JAHE,17099.99
02-Mar-26,KOPI JAHE /R10,KOPI JAHE,17099.99
02-Mar-26,KOPI JAHE /R10,KOPI JAHE,17099.99
02-Mar-26,KOPI JAHE /R10,KOPI JAHE,17099.99
02-Mar-26,KOPI JAHE /R10,KOPI JAHE,17099.99
02-Mar-26,KOPI JAHE /R10,KOPI JAHE,17099.99
02-Mar-26,KOPI JAHE /R10,KOPI JAHE,17099.99
02-Mar-26,KOPI JAHE /R10,KOPI JAHE,17099.99
02-Mar-26,ALANGSARI PLUS JERUK NIPIS R360,ALANGSARI,26667.44
02-Mar-26,ALANGSARI PLUS JERUK NIPIS R360,ALANGSARI,26667.44
02-Mar-26,ALANGSARI PLUS JERUK NIPIS R360,ALANGSARI,26667.44
02-Mar-26,ALANGSARI PLUS JERUK NIPIS R360,ALANGSARI,26667.44
02-Mar-26,ALANGSARI PLUS JERUK NIPIS R360,ALANGSARI,26667.44
02-Mar-26,ALANGSARI PLUS JERUK NIPIS R360,ALANGSARI,26667.44
02-Mar-26,ALANGSARI PLUS JERUK NIPIS R360,ALANGSARI,26667.44
02-Mar-26,ALANGSARI PLUS JERUK NIPIS R360,ALANGSARI,26667.44
02-Mar-26,ALANGSARI PLUS JERUK NIPIS R360,ALANGSARI,26667.44
02-Mar-26,ALANGSARI PLUS JERUK NIPIS R360,ALANGSARI,26667.44
02-Mar-26,ALANGSARI PLUS JERUK NIPIS R360,ALANGSARI,26667.44
02-Mar-26,ALANGSARI PLUS JERUK NIPIS R360,ALANGSARI,26667.44
02-Mar-26,ALANGSARI PLUS JERUK NIPIS R360,ALANGSARI,26667.44
02-Mar-26,ALANGSARI PLUS JERUK NIPIS R360,ALANGSARI,26667.44
03-Mar-26,KOPI JAHE /R10,KOPI JAHE,34199.99
03-Mar-26,KOPI JAHE /R10,KOPI JAHE,34199.99
03-Mar-26,KOPI JAHE /R10,KOPI JAHE,34199.99
03-Mar-26,KOPI JAHE /R10,KOPI JAHE,34199.99
03-Mar-26,C-COLLAGEN STRAWBERRY LEMONADE @6,C+COLLAGEN,8732.73
03-Mar-26,C-COLLAGEN STRAWBERRY LEMONADE @6,C+COLLAGEN,8732.73
03-Mar-26,KOPI JAHE /R10,KOPI JAHE,17099.99
03-Mar-26,KUKU BIMA ENERGI ANGGUR /BOX720,KBE,12467.52
03-Mar-26,KUKU BIMA ENERGI ANGGUR /BOX720,KBE,12467.52
03-Mar-26,KUKU BIMA ENERGI ANGGUR /BOX720,KBE,12467.52
03-Mar-26,KUKU BIMA ENERGI ANGGUR /BOX720,KBE,12467.52
03-Mar-26,KOPI JAHE /R10,KOPI JAHE,17099.99
03-Mar-26,KOPI JAHE /R10,KOPI JAHE,2161507
03-Mar-26,SUSU JAHE /R10,SUSU JAHE,205199.93
03-Mar-26,KUKU BIMA ENERGI ANGGUR /BOX720,KBE,187012.8
03-Mar-26,TOLAK ANGIN CAIR /D12,TAC,535144.32
03-Mar-26,TOLAK ANGIN CAIR ANAK /D5,TAC ANAK,38706.59
03-Mar-26,SUSU JAHE /R10,SUSU JAHE,205199.93
03-Mar-26,KUKU BIMA ENERGI ANGGUR /BOX720,KBE,748051.2
03-Mar-26,KOPI JAHE /R10,KOPI JAHE,2842494.66
03-Mar-26,TOLAK ANGIN CAIR /D12,TAC,1337860.8
03-Mar-26,KOPI JAHE /R10,KOPI JAHE,34199.99
03-Mar-26,KOPI JAHE /R10,KOPI JAHE,34199.99
03-Mar-26,KOPI JAHE /R10,KOPI JAHE,34199.99
03-Mar-26,KUKU BIMA ENERGI ANGGUR /BOX720,KBE,12467.52
03-Mar-26,KOPI JAHE /R10,KOPI JAHE,34199.99
03-Mar-26,KUKU BIMA ENERGI ANGGUR /BOX720,KBE,12467.52
03-Mar-26,KOPI JAHE /R10,KOPI JAHE,34199.99
03-Mar-26,KUKU BIMA ENERGI ANGGUR /BOX720,KBE,12467.52
03-Mar-26,KOPI JAHE /R10,KOPI JAHE,34199.99
03-Mar-26,C-COLLAGEN STRAWBERRY LEMONADE @6,C+COLLAGEN,8732.73
03-Mar-26,TOLAK ANGIN CAIR /D12,TAC,44595.36
03-Mar-26,TOLAK ANGIN CAIR /D12,TAC,44595.36
03-Mar-26,KUKU BIMA ENERGI ANGGUR /BOX720,KBE,12467.52
03-Mar-26,KOPI JAHE /R10,KOPI JAHE,17099.99
03-Mar-26,KUKU BIMA ENERGI ANGGUR /BOX720,KBE,12467.52
03-Mar-26,KUKU BIMA ENERGI ANGGUR /BOX720,KBE,12467.52
03-Mar-26,KOPI JAHE /R10,KOPI JAHE,2917499.58
03-Mar-26,KOPI JAHE /R10,KOPI JAHE,34199.99
03-Mar-26,TOLAK ANGIN CAIR /D5,TAC,21005853.12
03-Mar-26,KOPI JAHE /R10,KOPI JAHE,416399.18
03-Mar-26,TOLAK ANGIN CAIR /D12,TAC,268368.16
03-Mar-26,ESEMAG/D5,ESEMAG,16612.04
04-Mar-26,KOPI JAHE /R10,KOPI JAHE,820799.71
04-Mar-26,ESEMAG/D5,ESEMAG,8195.02
04-Mar-26,ESEMAG/D5,ESEMAG,8195.02
04-Mar-26,ESEMAG/D5,ESEMAG,8195.02
04-Mar-26,ESEMAG/D5,ESEMAG,8195.02
04-Mar-26,ESEMAG/D5,ESEMAG,8195.02
04-Mar-26,ESEMAG/D5,ESEMAG,8195.02
04-Mar-26,ESEMAG/D5,ESEMAG,8195.02
04-Mar-26,ESEMAG/D5,ESEMAG,8195.02
04-Mar-26,ESEMAG/D5,ESEMAG,8195.02
04-Mar-26,ESEMAG/D5,ESEMAG,8195.02
04-Mar-26,ESEMAG/D5,ESEMAG,8195.02
04-Mar-26,ESEMAG/D5,ESEMAG,8195.02
04-Mar-26,ESEMAG/D5,ESEMAG,8195.02
04-Mar-26,ESEMAG/D5,ESEMAG,8195.02
04-Mar-26,ESEMAG/D5,ESEMAG,8195.02
04-Mar-26,KOPI JAHE /R10,KOPI JAHE,17099.99
04-Mar-26,KOPI JAHE /R10,KOPI JAHE,17099.99
04-Mar-26,KOPI JAHE /R10,KOPI JAHE,17099.99
04-Mar-26,KOPI JAHE /R10,KOPI JAHE,17099.99
04-Mar-26,KOPI JAHE /R10,KOPI JAHE,17099.99
04-Mar-26,KOPI JAHE /R10,KOPI JAHE,17099.99
04-Mar-26,KOPI JAHE /R10,KOPI JAHE,17099.99
04-Mar-26,KOPI JAHE /R10,KOPI JAHE,17099.99
04-Mar-26,KOPI JAHE /R10,KOPI JAHE,17099.99
04-Mar-26,KOPI JAHE /R10,KOPI JAHE,17099.99
04-Mar-26,KOPI JAHE /R10,KOPI JAHE,17099.99
04-Mar-26,KUKU BIMA ENERGI ANGGUR /BOX720,KBE,6233.76
04-Mar-26,KOPI JAHE /R10,KOPI JAHE,34199.99
04-Mar-26,KUKU BIMA ENERGI ANGGUR /BOX720,KBE,6233.76
04-Mar-26,KOPI JAHE /R10,KOPI JAHE,34199.99
04-Mar-26,KUKU BIMA ENERGI ANGGUR /BOX720,KBE,6233.76
04-Mar-26,KOPI JAHE /R10,KOPI JAHE,34199.99
04-Mar-26,KUKU BIMA ENERGI ANGGUR /BOX720,KBE,6233.76
04-Mar-26,KOPI JAHE /R10,KOPI JAHE,34199.99
04-Mar-26,KOPI JAHE /R10,KOPI JAHE,34199.99
04-Mar-26,KOPI JAHE /R10,KOPI JAHE,34199.99
04-Mar-26,C-COLLAGEN STRAWBERRY LEMONADE @6,C+COLLAGEN,8732.73
04-Mar-26,C-COLLAGEN STRAWBERRY LEMONADE @6,C+COLLAGEN,8732.73
04-Mar-26,KUKU BIMA ENERGI ANGGUR /BOX720,KBE,6233.76
04-Mar-26,KUKU BIMA ENERGI ANGGUR /BOX720,KBE,6233.76
04-Mar-26,KUKU BIMA ENERGI ANGGUR /BOX720,KBE,6233.76
04-Mar-26,TOLAK ANGIN CAIR /D12,TAC,44595.36
04-Mar-26,KUKU BIMA ENERGI ANGGUR /BOX720,KBE,6233.76
04-Mar-26,C-COLLAGEN STRAWBERRY LEMONADE @6,C+COLLAGEN,8732.73
04-Mar-26,KUKU BIMA ENERGI ANGGUR /BOX720,KBE,6233.76
04-Mar-26,KOPI JAHE /R10,KOPI JAHE,34199.99
04-Mar-26,KUKU BIMA ENERGI ANGGUR /BOX720,KBE,6233.76
04-Mar-26,KOPI JAHE /R10,KOPI JAHE,34199.99
04-Mar-26,KOPI JAHE /R10,KOPI JAHE,17099.99
05-Mar-26,KUKU BIMA ENERGI ANGGUR /BOX720,KBE,376523.1
05-Mar-26,KUNYIT ASAM /D,KUNYIT ASAM,871560.9
05-Mar-26,KUNYIT ASAM SIRIH /D5,KUNYIT ASAM,919512.9
05-Mar-26,TOLAK ANGIN CAIR /D12,TAC,2675721.6
05-Mar-26,KOPI JAHE /R10,KOPI JAHE,17099.99
05-Mar-26,KOPI JAHE /R10,KOPI JAHE,17099.99
05-Mar-26,KOPI JAHE /R10,KOPI JAHE,17099.99
05-Mar-26,KOPI JAHE /R10,KOPI JAHE,17099.99
05-Mar-26,KOPI JAHE /R10,KOPI JAHE,17099.99
05-Mar-26,KOPI JAHE /R10,KOPI JAHE,17099.99
05-Mar-26,KOPI JAHE /R10,KOPI JAHE,17099.99
05-Mar-26,KOPI JAHE /R10,KOPI JAHE,17099.99
05-Mar-26,KOPI JAHE /R10,KOPI JAHE,17099.99
05-Mar-26,KOPI JAHE /R10,KOPI JAHE,17099.99
05-Mar-26,ANAK SEHAT JERUK /D,ANAK SEHAT,6878
05-Mar-26,ANAK SEHAT JERUK /D,ANAK SEHAT,6878
05-Mar-26,ANAK SEHAT JERUK /D,ANAK SEHAT,6878
05-Mar-26,ANAK SEHAT JERUK /D,ANAK SEHAT,6878
05-Mar-26,ANAK SEHAT JERUK /D,ANAK SEHAT,6878
05-Mar-26,ANAK SEHAT JERUK /D,ANAK SEHAT,6878
05-Mar-26,ANAK SEHAT JERUK /D,ANAK SEHAT,6878
05-Mar-26,ANAK SEHAT JERUK /D,ANAK SEHAT,6878
05-Mar-26,ANAK SEHAT JERUK /D,ANAK SEHAT,6878
05-Mar-26,ANAK SEHAT JERUK /D,ANAK SEHAT,6878
05-Mar-26,ANAK SEHAT COKLAT /D,ANAK SEHAT,6878
05-Mar-26,ANAK SEHAT COKLAT /D,ANAK SEHAT,6878
05-Mar-26,ANAK SEHAT COKLAT /D,ANAK SEHAT,6878
05-Mar-26,ANAK SEHAT COKLAT /D,ANAK SEHAT,6878
05-Mar-26,ANAK SEHAT COKLAT /D,ANAK SEHAT,6878
05-Mar-26,ANAK SEHAT COKLAT /D,ANAK SEHAT,6878
05-Mar-26,ANAK SEHAT COKLAT /D,ANAK SEHAT,6878
05-Mar-26,ANAK SEHAT COKLAT /D,ANAK SEHAT,6878
05-Mar-26,ANAK SEHAT COKLAT /D,ANAK SEHAT,6878
05-Mar-26,ANAK SEHAT COKLAT /D,ANAK SEHAT,6878
05-Mar-26,SUSU JAHE /R10,SUSU JAHE,2842494.66
05-Mar-26,KOPI JAHE /R10,KOPI JAHE,2084496.08
05-Mar-26,TOLAK ANGIN CAIR /D12,TAC,222976.8
05-Mar-26,SUSU JAHE /R10,SUSU JAHE,615599.78
05-Mar-26,KOPI JAHE /R10,KOPI JAHE,10422480.42
05-Mar-26,TOLAK ANGIN CAIR /D12,TAC,89190.72
05-Mar-26,SUSU JAHE /R10,SUSU JAHE,615599.78
05-Mar-26,KUKU BIMA ENERGI ANGGUR /BOX720,KBE,748051.2
05-Mar-26,KOPI JAHE /R10,KOPI JAHE,1184102.71
05-Mar-26,TOLAK ANGIN CAIR /D5,TAC,1337860.8
05-Mar-26,KUKU BIMA ENERGI ANGGUR /BOX720,KBE,1496102.4
05-Mar-26,KOPI JAHE /R10,KOPI JAHE,410399.86
05-Mar-26,KOPI JAHE /R10,KOPI JAHE,410399.86
05-Mar-26,KUKU BIMA ENERGI ANGGUR /BOX720,KBE,6233.76
05-Mar-26,KOPI JAHE /R10,KOPI JAHE,34199.99
05-Mar-26,KUKU BIMA ENERGI ANGGUR /BOX720,KBE,6233.76
05-Mar-26,KOPI JAHE /R10,KOPI JAHE,34199.99
05-Mar-26,KUKU BIMA ENERGI ANGGUR /BOX720,KBE,6233.76
05-Mar-26,KOPI JAHE /R10,KOPI JAHE,34199.99
05-Mar-26,KUKU BIMA ENERGI ANGGUR /BOX720,KBE,6233.76
05-Mar-26,KOPI JAHE /R10,KOPI JAHE,34199.99
05-Mar-26,KUKU BIMA ENERGI ANGGUR /BOX720,KBE,6233.76
05-Mar-26,KOPI JAHE /R10,KOPI JAHE,34199.99
05-Mar-26,KUKU BIMA ENERGI ANGGUR /BOX720,KBE,6233.76
05-Mar-26,KUKU BIMA ENERGI ANGGUR /BOX720,KBE,6233.76
05-Mar-26,KUKU BIMA ENERGI ANGGUR /BOX720,KBE,6233.76
05-Mar-26,KUKU BIMA ENERGI ANGGUR /BOX720,KBE,6233.76
05-Mar-26,KUKU BIMA ENERGI ANGGUR /BOX720,KBE,6233.76
05-Mar-26,KUKU BIMA ENERGI ANGGUR /BOX720,KBE,6233.76
05-Mar-26,KUKU BIMA ENERGI ANGGUR /BOX720,KBE,6233.76
05-Mar-26,KUKU BIMA ENERGI ANGGUR /BOX720,KBE,6233.76
05-Mar-26,KUKU BIMA ENERGI ANGGUR /BOX720,KBE,12467.52
05-Mar-26,KUKU BIMA ENERGI ANGGUR /BOX720,KBE,12467.52
05-Mar-26,TOLAK ANGIN CAIR /D12,TAC,44595.36
05-Mar-26,KUKU BIMA ENERGI ANGGUR /BOX720,KBE,6233.76
05-Mar-26,TOLAK ANGIN CAIR /D12,TAC,44595.36
05-Mar-26,KUKU BIMA ENERGI ANGGUR /BOX720,KBE,6233.76
05-Mar-26,KUKU BIMA ENERGI ANGGUR /BOX720,KBE,6233.76
05-Mar-26,KOPI JAHE /R10,KOPI JAHE,34199.99
05-Mar-26,C-COLLAGEN STRAWBERRY LEMONADE @6,C+COLLAGEN,8732.73
05-Mar-26,KUKU BIMA ENERGI ANGGUR /BOX720,KBE,6233.76
05-Mar-26,KUKU BIMA ENERGI ANGGUR /BOX720,KBE,37078884
05-Mar-26,KOPI JAHE /R10,KOPI JAHE,17099.99
05-Mar-26,KOPI JAHE /R10,KOPI JAHE,17099.99
05-Mar-26,SUSU JAHE /R10,SUSU JAHE,34859.99
05-Mar-26,KUKU BIMA ENERGI ANGGUR /BOX720,KBE,748051.2
05-Mar-26,KOPI JAHE /R10,KOPI JAHE,9474982.2
05-Mar-26,KUKU BIMA ENERGI ANGGUR /BOX720,KBE,6233.76
06-Mar-26,ANAK SEHAT JERUK /D,ANAK SEHAT,6878
06-Mar-26,ANAK SEHAT JERUK /D,ANAK SEHAT,6878
06-Mar-26,ANAK SEHAT JERUK /D,ANAK SEHAT,6878
06-Mar-26,ANAK SEHAT JERUK /D,ANAK SEHAT,6878
06-Mar-26,ANAK SEHAT JERUK /D,ANAK SEHAT,6878
06-Mar-26,ANAK SEHAT JERUK /D,ANAK SEHAT,6878
06-Mar-26,ANAK SEHAT JERUK /D,ANAK SEHAT,6878
06-Mar-26,ANAK SEHAT JERUK /D,ANAK SEHAT,6878
06-Mar-26,ANAK SEHAT JERUK /D,ANAK SEHAT,6878
06-Mar-26,ANAK SEHAT JERUK /D,ANAK SEHAT,6878
06-Mar-26,ANAK SEHAT COKLAT /D,ANAK SEHAT,6878
06-Mar-26,ANAK SEHAT COKLAT /D,ANAK SEHAT,6878
06-Mar-26,ANAK SEHAT COKLAT /D,ANAK SEHAT,6878
06-Mar-26,ANAK SEHAT COKLAT /D,ANAK SEHAT,6878
06-Mar-26,ANAK SEHAT COKLAT /D,ANAK SEHAT,6878
06-Mar-26,ANAK SEHAT COKLAT /D,ANAK SEHAT,6878
06-Mar-26,ANAK SEHAT COKLAT /D,ANAK SEHAT,6878
06-Mar-26,ANAK SEHAT COKLAT /D,ANAK SEHAT,6878
06-Mar-26,ANAK SEHAT COKLAT /D,ANAK SEHAT,6878
06-Mar-26,KUKU BIMA ENERGI ANGGUR /BOX720,KBE,62337.6
06-Mar-26,SUSU JAHE /R10,SUSU JAHE,2128496.04
06-Mar-26,KOPI JAHE /R10,KOPI JAHE,2128496.04
06-Mar-26,TOLAK ANGIN CAIR /D12,TAC,267572.16
06-Mar-26,TOLAK ANGIN CAIR ANAK /D12,TAC ANAK,123861.08
06-Mar-26,KOPI JAHE /R10,KOPI JAHE,205199.93
06-Mar-26,TOLAK ANGIN CAIR /D12,TAC,178381.44
06-Mar-26,TOLAK ANGIN CAIR /D12,TAC,89190.72
06-Mar-26,KOPI JAHE /R10,KOPI JAHE,34199.99
06-Mar-26,SUSU JAHE /R10,SUSU JAHE,205199.93
06-Mar-26,KUKU BIMA ENERGI ANGGUR /BOX720,KBE,748051.2
06-Mar-26,KOPI JAHE /R10,KOPI JAHE,2084496.08
06-Mar-26,KOPI JAHE /R10,KOPI JAHE,205199.93
06-Mar-26,KUKU BIMA ENERGI ANGGUR /BOX720,KBE,374025.6
06-Mar-26,TOLAK ANGIN CAIR /D12,TAC,133786.08
06-Mar-26,TOLAK ANGIN CAIR /D12,TAC,133786.08
06-Mar-26,KUKU BIMA ENERGI ANGGUR /BOX720,KBE,187012.8
06-Mar-26,KUKU BIMA ENERGI ANGGUR /BOX720,KBE,187012.8
06-Mar-26,SUSU JAHE /R10,SUSU JAHE,51299.98
06-Mar-26,KUKU BIMA ENERGI ANGGUR /BOX720,KBE,62337.6
06-Mar-26,KOPI JAHE /R10,KOPI JAHE,85499.97
06-Mar-26,SUSU JAHE /R10,SUSU JAHE,209199.92
06-Mar-26,KOPI JAHE /R10,KOPI JAHE,3095994.24
06-Mar-26,ANAK SEHAT COKLAT /D,ANAK SEHAT,6878
06-Mar-26,KOPI JAHE /R10,KOPI JAHE,209199.92
06-Mar-26,KOPI JAHE /R10,KOPI JAHE,205199.93
07-Mar-26,KUKU BIMA ENERGI ANGGUR /BOX720,KBE,6233.76
07-Mar-26,KOPI JAHE /R10,KOPI JAHE,34199.99
07-Mar-26,C-COLLAGEN STRAWBERRY LEMONADE @6,C+COLLAGEN,8732.73
07-Mar-26,KUKU BIMA ENERGI ANGGUR /BOX720,KBE,6233.76
07-Mar-26,KOPI JAHE /R10,KOPI JAHE,34199.99
07-Mar-26,C-COLLAGEN STRAWBERRY LEMONADE @6,C+COLLAGEN,8732.73
07-Mar-26,KUKU BIMA ENERGI ANGGUR /BOX720,KBE,6233.76
07-Mar-26,KOPI JAHE /R10,KOPI JAHE,34199.99
07-Mar-26,C-COLLAGEN STRAWBERRY LEMONADE @6,C+COLLAGEN,8732.73
07-Mar-26,KUKU BIMA ENERGI ANGGUR /BOX720,KBE,6233.76
07-Mar-26,KOPI JAHE /R10,KOPI JAHE,34199.99
07-Mar-26,C-COLLAGEN STRAWBERRY LEMONADE @6,C+COLLAGEN,8732.73
07-Mar-26,KUKU BIMA ENERGI ANGGUR /BOX720,KBE,6233.76
07-Mar-26,KOPI JAHE /R10,KOPI JAHE,34199.99
07-Mar-26,C-COLLAGEN STRAWBERRY LEMONADE @6,C+COLLAGEN,8732.73
07-Mar-26,KUKU BIMA ENERGI ANGGUR /BOX720,KBE,6233.76
07-Mar-26,KOPI JAHE /R10,KOPI JAHE,34199.99
07-Mar-26,C-COLLAGEN STRAWBERRY LEMONADE @6,C+COLLAGEN,8732.73
07-Mar-26,KUKU BIMA ENERGI ANGGUR /BOX720,KBE,6233.76
07-Mar-26,KOPI JAHE /R10,KOPI JAHE,34199.99
07-Mar-26,C-COLLAGEN STRAWBERRY LEMONADE @6,C+COLLAGEN,8732.73
07-Mar-26,KUKU BIMA ENERGI ANGGUR /BOX720,KBE,6233.76
07-Mar-26,KOPI JAHE /R10,KOPI JAHE,34199.99
07-Mar-26,C-COLLAGEN STRAWBERRY LEMONADE @6,C+COLLAGEN,8732.73
07-Mar-26,KOPI JAHE /R10,KOPI JAHE,34199.99
07-Mar-26,KOPI JAHE /R10,KOPI JAHE,34199.99
07-Mar-26,KOPI JAHE /R10,KOPI JAHE,34199.99
07-Mar-26,KOPI JAHE /R10,KOPI JAHE,34199.99
07-Mar-26,KOPI JAHE /R10,KOPI JAHE,34199.99
07-Mar-26,TOLAK ANGIN CAIR /D12,TAC,44595.36
07-Mar-26,TOLAK LINU CAIR /D5,TOLAK LINU,14439.99
07-Mar-26,KOPI JAHE /R10,KOPI JAHE,34199.99
07-Mar-26,TOLAK ANGIN CAIR /D12,TAC,44595.36
07-Mar-26,KOPI JAHE /R10,KOPI JAHE,34199.99
07-Mar-26,C-COLLAGEN STRAWBERRY LEMONADE @6,C+COLLAGEN,8732.73
07-Mar-26,KOPI JAHE /R10,KOPI JAHE,34199.99
07-Mar-26,ALANGSARI PLUS SIRSAK HANGER @720,ALANGSARI,35244.72
07-Mar-26,C-COLLAGEN STRAWBERRY LEMONADE @6,C+COLLAGEN,8732.73
07-Mar-26,C-COLLAGEN STRAWBERRY LEMONADE @6,C+COLLAGEN,8732.73
07-Mar-26,C-COLLAGEN STRAWBERRY LEMONADE @6,C+COLLAGEN,8732.73
07-Mar-26,C-COLLAGEN STRAWBERRY LEMONADE @6,C+COLLAGEN,8732.73
07-Mar-26,C-COLLAGEN STRAWBERRY LEMONADE @6,C+COLLAGEN,8732.73
07-Mar-26,C-COLLAGEN STRAWBERRY LEMONADE @6,C+COLLAGEN,8732.73
07-Mar-26,C-COLLAGEN STRAWBERRY LEMONADE @6,C+COLLAGEN,8732.73
07-Mar-26,C-COLLAGEN STRAWBERRY LEMONADE @6,C+COLLAGEN,8732.73
07-Mar-26,C-COLLAGEN STRAWBERRY LEMONADE @6,C+COLLAGEN,8732.73
07-Mar-26,C-COLLAGEN STRAWBERRY LEMONADE @6,C+COLLAGEN,8732.73
07-Mar-26,SUSU JAHE /R10,SUSU JAHE,205199.93
07-Mar-26,KOPI JAHE /R10,KOPI JAHE,205199.93
07-Mar-26,KOPI JAHE /R10,KOPI JAHE,34199.99
07-Mar-26,SUSU JAHE /R10,SUSU JAHE,205199.93
07-Mar-26,SUSU JAHE /R10,SUSU JAHE,205199.93
07-Mar-26,KOPI JAHE /R10,KOPI JAHE,205199.93
07-Mar-26,SUSU JAHE /R10,SUSU JAHE,85499.97
07-Mar-26,KOPI JAHE /R10,KOPI JAHE,85499.97
07-Mar-26,KOPI JAHE /R10,KOPI JAHE,34199.99
07-Mar-26,KOPI JAHE /R10,KOPI JAHE,34199.99
07-Mar-26,KOPI JAHE /R10,KOPI JAHE,92375532
07-Mar-26,TOLAK ANGIN CAIR /D5,TAC,1500418.08
07-Mar-26,PERMEN TOLAK ANGIN /D,PERMEN,144000.02
07-Mar-26,TOLAK ANGIN CAIR /D12,TAC,44595.36
07-Mar-26,R KUNYIT ASAM DATANG BULAN //CAR12,KUNYIT ASAM,31346.4
07-Mar-26,SUSU JAHE /R10,SUSU JAHE,17099.99
07-Mar-26,KOPI JAHE /R10,KOPI JAHE,512999.82
07-Mar-26,C-COLLAGEN STRAWBERRY LEMONADE @6,C+COLLAGEN,87327.92
09-Mar-26,KOPI JAHE /R10,KOPI JAHE,615599.78
09-Mar-26,SUSU JAHE /R10,SUSU JAHE,119699.96
09-Mar-26,KOPI JAHE /R10,KOPI JAHE,136799.95
09-Mar-26,SUSU JAHE /R10,SUSU JAHE,986752.26
09-Mar-26,KOPI JAHE /R10,KOPI JAHE,28424946.6
09-Mar-26,TOLAK ANGIN CAIR /D12,TAC,267572.16
09-Mar-26,TOLAK ANGIN CAIR /D12,TAC,44595.36
09-Mar-26,PERMEN TOLAK ANGIN /D,PERMEN,55144.8
09-Mar-26,SUSU JAHE /R10,SUSU JAHE,410399.86
09-Mar-26,KOPI JAHE /R10,KOPI JAHE,615599.78
09-Mar-26,SUSU JAHE /R10,SUSU JAHE,205199.93
09-Mar-26,KOPI JAHE /R10,KOPI JAHE,410399.86
09-Mar-26,KOPI JAHE /R10,KOPI JAHE,205199.93
09-Mar-26,KUNYIT ASAM SIRIH /D5,KUNYIT ASAM,15325.22
09-Mar-26,TOLAK ANGIN CAIR /D12,TAC,133786.08
09-Mar-26,TOLAK ANGIN CAIR ANAK /D12,TAC ANAK,92895.81
09-Mar-26,TOLAK ANGIN CAIR /D12,TAC,44595.36
09-Mar-26,KOPI JAHE /R10,KOPI JAHE,51299.98
09-Mar-26,SUSU JAHE /R10,SUSU JAHE,1184102.71
09-Mar-26,SUSU JAHE /R10,SUSU JAHE,615599.78
09-Mar-26,KOPI JAHE /R10,KOPI JAHE,615599.78
09-Mar-26,SUSU JAHE /R10,SUSU JAHE,209199.92
09-Mar-26,KOPI JAHE /R10,KOPI JAHE,2128496.04
09-Mar-26,TOLAK ANGIN CAIR /D12,TAC,89190.72
09-Mar-26,R KUNYIT ASAM DATANG BULAN //CAR12,KUNYIT ASAM,12538.56
09-Mar-26,KUKU BIMA ENERGI ANGGUR /BOX720,KBE,12467.52
09-Mar-26,C-COLLAGEN STRAWBERRY LEMONADE @6,C+COLLAGEN,26198.18
09-Mar-26,SUSU JAHE /R10,SUSU JAHE,1184102.71
09-Mar-26,KOPI JAHE /R10,KOPI JAHE,1184102.71
09-Mar-26,KOPI JAHE /R10,KOPI JAHE,209199.92
10-Mar-26,KOPI JAHE /R10,KOPI JAHE,19749963.6
10-Mar-26,KOPI JAHE /R10,KOPI JAHE,4168992.17
10-Mar-26,KUNYIT ASAM /D,KUNYIT ASAM,43578.05
10-Mar-26,KUNYIT ASAM SIRIH /D5,KUNYIT ASAM,45975.65
10-Mar-26,TOLAK ANGIN CAIR ANAK /D5,TAC ANAK,77413.18
10-Mar-26,SUSU JAHE /R10,SUSU JAHE,34199.99
10-Mar-26,KOPI JAHE /R10,KOPI JAHE,68399.98
10-Mar-26,KUNYIT ASAM /D,KUNYIT ASAM,145260.15
10-Mar-26,KUNYIT ASAM SIRIH /D5,KUNYIT ASAM,306504.3
10-Mar-26,TOLAK LINU MINT CAIR /D5,TOLAK LINU,72199.95
10-Mar-26,R KUNYIT ASAM DATANG BULAN //CAR12,KUNYIT ASAM,150462.72
10-Mar-26,SUSU JAHE /R10,SUSU JAHE,2842494.66
10-Mar-26,KOPI JAHE /R10,KOPI JAHE,2842494.66
10-Mar-26,ESEMAG/D5,ESEMAG,40975.1
10-Mar-26,TOLAK ANGIN CAIR /D12,TAC,133786.08
10-Mar-26,R KUNYIT ASAM DATANG BULAN //CAR12,KUNYIT ASAM,75231.36
10-Mar-26,SUSU JAHE /R10,SUSU JAHE,615599.78
10-Mar-26,KOPI JAHE /R10,KOPI JAHE,1025999.64
10-Mar-26,ESEMAG/D5,ESEMAG,24585.06
10-Mar-26,R KUNYIT ASAM DATANG BULAN //CAR12,KUNYIT ASAM,150462.72
10-Mar-26,KOPI JAHE /R10,KOPI JAHE,4737491.1
10-Mar-26,ESEMAG/D5,ESEMAG,98340.23
10-Mar-26,SUSU JAHE /R10,SUSU JAHE,205199.93
10-Mar-26,KOPI JAHE /R10,KOPI JAHE,615599.78
10-Mar-26,R KUNYIT ASAM DATANG BULAN //CAR12,KUNYIT ASAM,75231.36
10-Mar-26,KUNYIT ASAM /D,KUNYIT ASAM,7263.01
10-Mar-26,KUNYIT ASAM SIRIH /D5,KUNYIT ASAM,7662.61
10-Mar-26,TOLAK ANGIN CAIR /D12,TAC,44595.36
10-Mar-26,KUKU BIMA ENERGI ANGGUR /BOX720,KBE,68571.36
10-Mar-26,KOPI JAHE /R10,KOPI JAHE,170999.94
10-Mar-26,C-COLLAGEN STRAWBERRY LEMONADE @6,C+COLLAGEN,8732.73
10-Mar-26,R KUNYIT ASAM DATANG BULAN //CAR12,KUNYIT ASAM,225694.08
10-Mar-26,KOPI JAHE /R10,KOPI JAHE,9674982
10-Mar-26,KOPI JAHE /R10,KOPI JAHE,209199.92
10-Mar-26,SUSU JAHE /R10,SUSU JAHE,34859.99
10-Mar-26,KOPI JAHE /R10,KOPI JAHE,209199.92
10-Mar-26,SUSU JAHE /R10,SUSU JAHE,34859.99
10-Mar-26,KOPI JAHE /R10,KOPI JAHE,209199.92
11-Mar-26,SUSU JAHE /R10,SUSU JAHE,2842494.66
11-Mar-26,KOPI JAHE /R10,KOPI JAHE,2842494.66
11-Mar-26,KOPI JAHE /R10,KOPI JAHE,205199.93
11-Mar-26,ESEMAG/D5,ESEMAG,196680.46
11-Mar-26,TOLAK ANGIN BEBAS GULA /D5,TAC BEBAS GULA,18581.4
11-Mar-26,TOLAK ANGIN CAIR /D12,TAC,89190.72
11-Mar-26,KUKU BIMA ENERGI ANGGUR /BOX720,KBE,74805.12
11-Mar-26,KOPI JAHE /R10,KOPI JAHE,136799.95
11-Mar-26,C-COLLAGEN STRAWBERRY LEMONADE @6,C+COLLAGEN,8732.73
12-Mar-26,KOPI JAHE /R10,KOPI JAHE,68399.98
12-Mar-26,KUNYIT ASAM /D,KUNYIT ASAM,14526.02
12-Mar-26,TOLAK ANGIN CAIR /D12,TAC,133786.08
12-Mar-26,R KUNYIT ASAM DATANG BULAN //CAR12,KUNYIT ASAM,37615.68
12-Mar-26,SUSU JAHE /R10,SUSU JAHE,205199.93
12-Mar-26,KUKU BIMA ENERGI ANGGUR /BOX720,KBE,124675.2
12-Mar-26,KOPI JAHE /R10,KOPI JAHE,205199.93
12-Mar-26,KUNYIT ASAM /D,KUNYIT ASAM,43578.05
12-Mar-26,KUNYIT ASAM SIRIH /D5,KUNYIT ASAM,45975.65
12-Mar-26,TOLAK ANGIN CAIR /D12,TAC,267572.16
12-Mar-26,TOLAK ANGIN CAIR ANAK /D12,TAC ANAK,185791.62
12-Mar-26,R KUNYIT ASAM DATANG BULAN //CAR12,KUNYIT ASAM,75231.36
12-Mar-26,SUSU JAHE /R10,SUSU JAHE,410399.86
12-Mar-26,KUKU BIMA ENERGI ANGGUR /BOX720,KBE,249350.4
12-Mar-26,KOPI JAHE /R10,KOPI JAHE,615599.78
12-Mar-26,ALANGSARI PLUS SIRSAK HANGER @720,ALANGSARI,70489.44
12-Mar-26,ESEMAG/D5,ESEMAG,49170.11
12-Mar-26,R MADU SIDO ORIGINAL/D/CAR,MADU SIDO,65825.31
12-Mar-26,C-COLLAGEN STRAWBERRY LEMONADE @6,C+COLLAGEN,52396.75
12-Mar-26,TOLAK ANGIN CAIR /D12,TAC,222976.8
12-Mar-26,KUKU BIMA ENERGI ANGGUR /BOX720,KBE,31168.8
12-Mar-26,KOPI JAHE /R10,KOPI JAHE,170999.94
12-Mar-26,C-COLLAGEN STRAWBERRY LEMONADE @6,C+COLLAGEN,61129.54
12-Mar-26,KOPI JAHE /R10,KOPI JAHE,55425319.2
13-Mar-26,KUNYIT ASAM /D,KUNYIT ASAM,297519.96
13-Mar-26,KUNYIT ASAM SIRIH /D5,KUNYIT ASAM,313503.96
13-Mar-26,TOLAK ANGIN CAIR /D12,TAC,1344861.79
13-Mar-26,SUSU JAHE /R10,SUSU JAHE,1184102.71
13-Mar-26,KOPI JAHE /R10,KOPI JAHE,2084496.08
13-Mar-26,KUNYIT ASAM /D,KUNYIT ASAM,174312.18
13-Mar-26,KUNYIT ASAM SIRIH /D5,KUNYIT ASAM,183902.58
13-Mar-26,SUSU JAHE /R10,SUSU JAHE,410399.86
13-Mar-26,KUNYIT ASAM SIRIH /D5,KUNYIT ASAM,22987.82
13-Mar-26,R KUNYIT ASAM DATANG BULAN //CAR12,KUNYIT ASAM,75231.36
13-Mar-26,SUSU JAHE /R10,SUSU JAHE,2842494.66
13-Mar-26,KOPI JAHE /R10,KOPI JAHE,2842494.66
14-Mar-26,TOLAK ANGIN CAIR /D12,TAC,312167.52
14-Mar-26,TOLAK ANGIN CAIR ANAK /D12,TAC ANAK,30965.27
14-Mar-26,TOLAK ANGIN CAIR ANAK /D5,TAC ANAK,12902.2
14-Mar-26,KUKU BIMA ENERGI ANGGUR /BOX720,KBE,62337.6
14-Mar-26,ESEMAG/D5,ESEMAG,24585.06
14-Mar-26,C-COLLAGEN STRAWBERRY LEMONADE @6,C+COLLAGEN,17465.45
14-Mar-26,KOPI JAHE /R10,KOPI JAHE,627599.77
14-Mar-26,SUSU JAHE /R10,SUSU JAHE,1184102.71
14-Mar-26,KOPI JAHE /R10,KOPI JAHE,6632487.54
14-Mar-26,KOPI JAHE /R10,KOPI JAHE,205199.93
14-Mar-26,KOPI JAHE /R10,KOPI JAHE,205199.93
14-Mar-26,KOPI JAHE /R10,KOPI JAHE,986752.26
14-Mar-26,C-COLLAGEN STRAWBERRY LEMONADE @6,C+COLLAGEN,8732.73
14-Mar-26,C-COLLAGEN STRAWBERRY LEMONADE @6,C+COLLAGEN,8732.73
14-Mar-26,C-COLLAGEN STRAWBERRY LEMONADE @6,C+COLLAGEN,8732.73
14-Mar-26,C-COLLAGEN STRAWBERRY LEMONADE @6,C+COLLAGEN,8732.73
14-Mar-26,C-COLLAGEN STRAWBERRY LEMONADE @6,C+COLLAGEN,8732.73
14-Mar-26,C-COLLAGEN STRAWBERRY LEMONADE @6,C+COLLAGEN,8732.73
14-Mar-26,C-COLLAGEN STRAWBERRY LEMONADE @6,C+COLLAGEN,8732.73
14-Mar-26,C-COLLAGEN STRAWBERRY LEMONADE @6,C+COLLAGEN,8732.73
14-Mar-26,C-COLLAGEN STRAWBERRY LEMONADE @6,C+COLLAGEN,8732.73
14-Mar-26,TOLAK ANGIN CAIR /D12,TAC,222976.8
14-Mar-26,R KUNYIT ASAM DATANG BULAN //CAR12,KUNYIT ASAM,12538.56
14-Mar-26,SUSU JAHE /R10,SUSU JAHE,51299.98
14-Mar-26,KOPI JAHE /R10,KOPI JAHE,615599.78
14-Mar-26,ESEMAG/D5,ESEMAG,81950.19
14-Mar-26,C-COLLAGEN STRAWBERRY LEMONADE @6,C+COLLAGEN,17465.45
14-Mar-26,PERMEN TOLAK ANGIN /D,PERMEN,144000.02
14-Mar-26,SUSU JAHE /R10,SUSU JAHE,3879772.34
14-Mar-26,SM VIT C 1000 SWEET ORANGE /D6,SM VIT C 1000,923795.28
14-Mar-26,C-COLLAGEN STRAWBERRY LEMONADE @6,C+COLLAGEN,8732.73
16-Mar-26,C-COLLAGEN STRAWBERRY LEMONADE @6,C+COLLAGEN,87740.17
16-Mar-26,C-COLLAGEN STRAWBERRY LEMONADE @6,C+COLLAGEN,87740.17
16-Mar-26,KOPI JAHE /R10,KOPI JAHE,2917499.58
16-Mar-26,C-COLLAGEN STRAWBERRY LEMONADE @6,C+COLLAGEN,87989.92
16-Mar-26,C-COLLAGEN STRAWBERRY LEMONADE @6,C+COLLAGEN,87989.92
16-Mar-26,KOPI JAHE /R10,KOPI JAHE,51299.98
16-Mar-26,KUNYIT ASAM /D,KUNYIT ASAM,87156.09
16-Mar-26,KUNYIT ASAM SIRIH /D5,KUNYIT ASAM,45975.65
16-Mar-26,TOLAK ANGIN CAIR /D12,TAC,1337860.8
16-Mar-26,C-COLLAGEN STRAWBERRY LEMONADE @6,C+COLLAGEN,87989.92
16-Mar-26,C-COLLAGEN STRAWBERRY LEMONADE @6,C+COLLAGEN,87740.17
16-Mar-26,C-COLLAGEN STRAWBERRY LEMONADE @6,C+COLLAGEN,87989.92
16-Mar-26,SUSU JAHE /R10,SUSU JAHE,1025999.64
16-Mar-26,KOPI JAHE /R10,KOPI JAHE,2051999.28
17-Mar-26,KOPI JAHE /R10,KOPI JAHE,5834999.16
17-Mar-26,TOLAK ANGIN CAIR /D12,TAC,178381.44
17-Mar-26,SUSU JAHE /R10,SUSU JAHE,34199.99
17-Mar-26,KOPI JAHE /R10,KOPI JAHE,205199.93
17-Mar-26,C-COLLAGEN STRAWBERRY LEMONADE @6,C+COLLAGEN,8732.73
17-Mar-26,C-COLLAGEN STRAWBERRY LEMONADE @6,C+COLLAGEN,8732.73
17-Mar-26,C-COLLAGEN STRAWBERRY LEMONADE @6,C+COLLAGEN,8732.73
17-Mar-26,C-COLLAGEN STRAWBERRY LEMONADE @6,C+COLLAGEN,8732.73
17-Mar-26,C-COLLAGEN STRAWBERRY LEMONADE @6,C+COLLAGEN,8732.73
17-Mar-26,C-COLLAGEN STRAWBERRY LEMONADE @6,C+COLLAGEN,8732.73
17-Mar-26,C-COLLAGEN STRAWBERRY LEMONADE @6,C+COLLAGEN,8732.73
17-Mar-26,C-COLLAGEN STRAWBERRY LEMONADE @6,C+COLLAGEN,8732.73
17-Mar-26,C-COLLAGEN STRAWBERRY LEMONADE @6,C+COLLAGEN,8732.73
17-Mar-26,C-COLLAGEN STRAWBERRY LEMONADE @6,C+COLLAGEN,8732.73
17-Mar-26,TOLAK ANGIN CAIR /D12,TAC,267572.16
17-Mar-26,TOLAK ANGIN CAIR ANAK /D12,TAC ANAK,185791.62
17-Mar-26,SUSU JAHE /R10,SUSU JAHE,3789992.88
17-Mar-26,KOPI JAHE /R10,KOPI JAHE,3869992.8
17-Mar-26,TOLAK ANGIN CAIR /D12,TAC,44728.03
18-Mar-26,TOLAK ANGIN CAIR /D12,TAC,222976.8
18-Mar-26,TOLAK ANGIN CAIR ANAK /D12,TAC ANAK,30965.27
18-Mar-26,R KUNYIT ASAM DATANG BULAN //CAR12,KUNYIT ASAM,31346.4
18-Mar-26,KOPI JAHE /R10,KOPI JAHE,136799.95
18-Mar-26,ALANGSARI PLUS JERUK NIPIS HANGER @720,ALANGSARI,17622.36
18-Mar-26,ALANGSARI PLUS JERUK MANIS HANGER @720,ALANGSARI,17622.36
18-Mar-26,ALANGSARI PLUS SIRSAK HANGER @720,ALANGSARI,17622.36
18-Mar-26,C-COLLAGEN STRAWBERRY LEMONADE @6,C+COLLAGEN,69862.33
18-Mar-26,SUSU JAHE /R10,SUSU JAHE,2084496.08
18-Mar-26,KOPI JAHE /R10,KOPI JAHE,2084496.08
18-Mar-26,KOPI JAHE /R10,KOPI JAHE,209199.92
18-Mar-26,SUSU JAHE /R10,SUSU JAHE,9474982.2
18-Mar-26,KOPI JAHE /R10,KOPI JAHE,9474982.2
18-Mar-26,SUSU JAHE /R10,SUSU JAHE,418399.85
18-Mar-26,C-COLLAGEN STRAWBERRY LEMONADE @6,C+COLLAGEN,87660.25
18-Mar-26,SUSU JAHE /R10,SUSU JAHE,2128496.04
18-Mar-26,TOLAK ANGIN CAIR /D12,TAC,44595.36
18-Mar-26,SUSU JAHE /R10,SUSU JAHE,68399.98
18-Mar-26,KOPI JAHE /R10,KOPI JAHE,683999.76
18-Mar-26,ALANGSARI PLUS JERUK NIPIS HANGER @720,ALANGSARI,17622.36
18-Mar-26,ALANGSARI PLUS JERUK MANIS HANGER @720,ALANGSARI,17622.36
18-Mar-26,ALANGSARI PLUS SIRSAK HANGER @720,ALANGSARI,35244.72
18-Mar-26,C-COLLAGEN STRAWBERRY LEMONADE @6,C+COLLAGEN,17465.45
18-Mar-26,TOLAK ANGIN CAIR /D12,TAC,267572.16
18-Mar-26,TOLAK ANGIN CAIR ANAK /D12,TAC ANAK,185791.62
18-Mar-26,TOLAK LINU MINT CAIR /D5,TOLAK LINU,86639.94
18-Mar-26,R KUNYIT ASAM DATANG BULAN //CAR12,KUNYIT ASAM,75231.36
18-Mar-26,SUSU JAHE /R10,SUSU JAHE,205199.93
20-Mar-26,KOPI JAHE /R10,KOPI JAHE,2084496.08
20-Mar-26,SUSU JAHE /R10,SUSU JAHE,1006752.24
20-Mar-26,KOPI JAHE /R10,KOPI JAHE,1006752.24
20-Mar-26,KOPI JAHE /R10,KOPI JAHE,2902494.6
24-Mar-26,TOLAK ANGIN CAIR /D12,TAC,267572.16
24-Mar-26,TOLAK ANGIN CAIR ANAK /D12,TAC ANAK,30965.27
24-Mar-26,TOLAK LINU CAIR /D5,TOLAK LINU,14439.99
24-Mar-26,SUSU JAHE /R10,SUSU JAHE,17099.99
24-Mar-26,KOPI JAHE /R10,KOPI JAHE,102599.96
24-Mar-26,ALANGSARI PLUS JERUK NIPIS HANGER @720,ALANGSARI,17622.36
24-Mar-26,C-COLLAGEN STRAWBERRY LEMONADE @6,C+COLLAGEN,52396.75
24-Mar-26,SUSU JAHE /R10,SUSU JAHE,2273995.73
24-Mar-26,KOPI JAHE /R10,KOPI JAHE,4168992.17
24-Mar-26,KOPI JAHE /R10,KOPI JAHE,3789992.88
24-Mar-26,KOPI JAHE /R10,KOPI JAHE,209199.92
25-Mar-26,TOLAK ANGIN CAIR /D12,TAC,44595.36
25-Mar-26,PERMEN TOLAK ANGIN /D,PERMEN,27572.4
25-Mar-26,R KUNYIT ASAM DATANG BULAN //CAR12,KUNYIT ASAM,37615.68
25-Mar-26,SUSU JAHE /R10,SUSU JAHE,205199.93
25-Mar-26,TOLAK ANGIN CAIR /D12,TAC,44595.36
25-Mar-26,SUSU JAHE /R10,SUSU JAHE,51299.98
25-Mar-26,KOPI JAHE /R10,KOPI JAHE,102599.96
25-Mar-26,ALANGSARI PLUS JERUK NIPIS HANGER @720,ALANGSARI,17622.36
25-Mar-26,ALANGSARI PLUS SIRSAK HANGER @720,ALANGSARI,35244.72
25-Mar-26,C-COLLAGEN STRAWBERRY LEMONADE @6,C+COLLAGEN,34931.17
25-Mar-26,KOPI JAHE /R10,KOPI JAHE,986752.26
25-Mar-26,SUSU JAHE /R10,SUSU JAHE,5684989.32
25-Mar-26,KOPI JAHE /R10,KOPI JAHE,9474982.2
25-Mar-26,KOPI JAHE /R10,KOPI JAHE,5684989.32
25-Mar-26,KUNYIT ASAM /D,KUNYIT ASAM,14526.02
25-Mar-26,TOLAK ANGIN CAIR /D12,TAC,133786.08
25-Mar-26,KOPI JAHE /R10,KOPI JAHE,205199.93
25-Mar-26,ALANGSARI PLUS JERUK NIPIS HANGER @720,ALANGSARI,35244.72
25-Mar-26,ALANGSARI PLUS SIRSAK HANGER @720,ALANGSARI,17622.36
25-Mar-26,ESEMAG/D5,ESEMAG,16390.04
25-Mar-26,C-COLLAGEN STRAWBERRY LEMONADE @6,C+COLLAGEN,17465.45
25-Mar-26,SM VIT C 1000 LEMON /D6,SM VIT C 1000,979899.12
25-Mar-26,KOPI JAHE /R10,KOPI JAHE,212199.59
26-Mar-26,TOLAK ANGIN CAIR /D12,TAC,222976.8
26-Mar-26,SUSU JAHE /R10,SUSU JAHE,205199.93
26-Mar-26,KOPI JAHE /R10,KOPI JAHE,205199.93
26-Mar-26,ESEMAG/D5,ESEMAG,24585.06
26-Mar-26,SUSU JAHE /R10,SUSU JAHE,410399.86
26-Mar-26,KOPI JAHE /R10,KOPI JAHE,1578803.62
26-Mar-26,KOPI JAHE /R10,KOPI JAHE,17099.99
26-Mar-26,KOPI JAHE /R10,KOPI JAHE,17099.99
26-Mar-26,KOPI JAHE /R10,KOPI JAHE,17099.99
26-Mar-26,KOPI JAHE /R10,KOPI JAHE,17099.99
26-Mar-26,KOPI JAHE /R10,KOPI JAHE,17099.99
26-Mar-26,KOPI JAHE /R10,KOPI JAHE,17099.99
26-Mar-26,KOPI JAHE /R10,KOPI JAHE,17099.99
26-Mar-26,KOPI JAHE /R10,KOPI JAHE,17099.99
26-Mar-26,KOPI JAHE /R10,KOPI JAHE,17099.99
26-Mar-26,KOPI JAHE /R10,KOPI JAHE,17099.99
26-Mar-26,KOPI JAHE /R10,KOPI JAHE,17099.99
26-Mar-26,KOPI JAHE /R10,KOPI JAHE,17099.99
26-Mar-26,KOPI JAHE /R10,KOPI JAHE,205199.93
26-Mar-26,KOPI JAHE /R10,KOPI JAHE,986752.26
26-Mar-26,SUSU JAHE /R10,SUSU JAHE,209199.92
26-Mar-26,KOPI JAHE /R10,KOPI JAHE,418399.85
26-Mar-26,TOLAK ANGIN FLU CAIR /D12,TAC FLU,130609.26
26-Mar-26,TOLAK ANGIN CAIR ANAK /D12,TAC ANAK,121166.71
27-Mar-26,KBE JERUK VIT C1000/D/720,KBE,58741.2
27-Mar-26,C-COLLAGEN STRAWBERRY LEMONADE @6,C+COLLAGEN,52396.75
27-Mar-26,KUNYIT ASAM SIRIH /D5,KUNYIT ASAM,613008.6
27-Mar-26,TOLAK ANGIN CAIR /D12,TAC,4013582.4
27-Mar-26,TOLAK ANGIN CAIR ANAK /D5,TAC ANAK,154826.35
27-Mar-26,TOLAK LINU MINT CAIR /D5,TOLAK LINU,86639.94
27-Mar-26,C-COLLAGEN STRAWBERRY LEMONADE @6,C+COLLAGEN,8732.73
27-Mar-26,C-COLLAGEN STRAWBERRY LEMONADE @6,C+COLLAGEN,8732.73
27-Mar-26,C-COLLAGEN STRAWBERRY LEMONADE @6,C+COLLAGEN,8732.73
27-Mar-26,C-COLLAGEN STRAWBERRY LEMONADE @6,C+COLLAGEN,8732.73
27-Mar-26,C-COLLAGEN STRAWBERRY LEMONADE @6,C+COLLAGEN,8732.73
27-Mar-26,C-COLLAGEN STRAWBERRY LEMONADE @6,C+COLLAGEN,8732.73
27-Mar-26,C-COLLAGEN STRAWBERRY LEMONADE @6,C+COLLAGEN,8732.73
27-Mar-26,C-COLLAGEN STRAWBERRY LEMONADE @6,C+COLLAGEN,8732.73
27-Mar-26,C-COLLAGEN STRAWBERRY LEMONADE @6,C+COLLAGEN,8732.73
27-Mar-26,C-COLLAGEN STRAWBERRY LEMONADE @6,C+COLLAGEN,8732.73
27-Mar-26,TOLAK ANGIN CAIR /D12,TAC,89190.72
27-Mar-26,R KUNYIT ASAM DATANG BULAN //CAR12,KUNYIT ASAM,31346.4
27-Mar-26,ALANGSARI PLUS JERUK NIPIS HANGER @720,ALANGSARI,17622.36
27-Mar-26,ESEMAG/D5,ESEMAG,8195.02
27-Mar-26,KUNYIT ASAM /D,KUNYIT ASAM,43578.05
27-Mar-26,TOLAK ANGIN CAIR /D12,TAC,312167.52
27-Mar-26,TOLAK ANGIN CAIR ANAK /D12,TAC ANAK,30965.27
27-Mar-26,ALANGSARI PLUS JERUK NIPIS HANGER @720,ALANGSARI,35244.72
27-Mar-26,ALANGSARI PLUS SIRSAK HANGER @720,ALANGSARI,17622.36
27-Mar-26,ESEMAG/D5,ESEMAG,8195.02
27-Mar-26,C-COLLAGEN STRAWBERRY LEMONADE @6,C+COLLAGEN,34931.17
27-Mar-26,KOPI JAHE /R10,KOPI JAHE,2842494.66
28-Mar-26,KBE JERUK VIT C1000/D/720,KBE,117482.4
28-Mar-26,KOPI JAHE /R10,KOPI JAHE,820799.71
28-Mar-26,KOPI JAHE /R10,KOPI JAHE,102599.96
28-Mar-26,ALANGSARI PLUS JERUK NIPIS HANGER @720,ALANGSARI,105734.16
28-Mar-26,KOPI JAHE /R10,KOPI JAHE,718199.75
28-Mar-26,ALANGSARI PLUS JERUK NIPIS HANGER @720,ALANGSARI,140978.88
28-Mar-26,TOLAK ANGIN CAIR /D12,TAC,44728.03
28-Mar-26,KOPI JAHE /R10,KOPI JAHE,205199.93
30-Mar-26,TOLAK ANGIN CAIR /D12,TAC,89190.72
30-Mar-26,KOPI JAHE /R10,KOPI JAHE,820799.71
30-Mar-26,ALANGSARI PLUS JERUK NIPIS HANGER @720,ALANGSARI,17622.36
30-Mar-26,ALANGSARI PLUS SIRSAK HANGER @720,ALANGSARI,17622.36
30-Mar-26,ESEMAG/D5,ESEMAG,24585.06
30-Mar-26,C-COLLAGEN STRAWBERRY LEMONADE @6,C+COLLAGEN,43663.96
30-Mar-26,R KUNYIT ASAM DATANG BULAN //CAR12,KUNYIT ASAM,6269.28
30-Mar-26,ALANGSARI PLUS SIRSAK HANGER @720,ALANGSARI,17622.36
30-Mar-26,R KUNYIT ASAM DATANG BULAN //CAR12,KUNYIT ASAM,150462.72
31-Mar-26,KOPI JAHE /R10,KOPI JAHE,2917499.58
31-Mar-26,TOLAK ANGIN CAIR /D12,TAC,1337860.8
31-Mar-26,C-COLLAGEN STRAWBERRY LEMONADE @6,C+COLLAGEN,8732.73
31-Mar-26,C-COLLAGEN STRAWBERRY LEMONADE @6,C+COLLAGEN,8732.73
31-Mar-26,C-COLLAGEN STRAWBERRY LEMONADE @6,C+COLLAGEN,8732.73
31-Mar-26,C-COLLAGEN STRAWBERRY LEMONADE @6,C+COLLAGEN,8732.73
31-Mar-26,C-COLLAGEN STRAWBERRY LEMONADE @6,C+COLLAGEN,8732.73
31-Mar-26,C-COLLAGEN STRAWBERRY LEMONADE @6,C+COLLAGEN,8732.73
31-Mar-26,C-COLLAGEN STRAWBERRY LEMONADE @6,C+COLLAGEN,8732.73
31-Mar-26,C-COLLAGEN STRAWBERRY LEMONADE @6,C+COLLAGEN,8732.73
31-Mar-26,C-COLLAGEN STRAWBERRY LEMONADE @6,C+COLLAGEN,8732.73
31-Mar-26,C-COLLAGEN STRAWBERRY LEMONADE @6,C+COLLAGEN,8732.73
31-Mar-26,KUNYIT ASAM SIRIH /D5,KUNYIT ASAM,7662.61
31-Mar-26,KOPI JAHE /R10,KOPI JAHE,205199.93
31-Mar-26,ALANGSARI PLUS JERUK NIPIS HANGER @720,ALANGSARI,17622.36
31-Mar-26,ESEMAG/D5,ESEMAG,8195.02
31-Mar-26,C-COLLAGEN STRAWBERRY LEMONADE @6,C+COLLAGEN,52396.75
31-Mar-26,C-COLLAGEN STRAWBERRY LEMONADE @6,C+COLLAGEN,8732.73
31-Mar-26,C-COLLAGEN STRAWBERRY LEMONADE @6,C+COLLAGEN,8732.73
31-Mar-26,C-COLLAGEN STRAWBERRY LEMONADE @6,C+COLLAGEN,8732.73
31-Mar-26,C-COLLAGEN STRAWBERRY LEMONADE @6,C+COLLAGEN,8732.73
31-Mar-26,C-COLLAGEN STRAWBERRY LEMONADE @6,C+COLLAGEN,8732.73
31-Mar-26,C-COLLAGEN STRAWBERRY LEMONADE @6,C+COLLAGEN,8732.73
31-Mar-26,C-COLLAGEN STRAWBERRY LEMONADE @6,C+COLLAGEN,8732.73
31-Mar-26,C-COLLAGEN STRAWBERRY LEMONADE @6,C+COLLAGEN,8732.73
31-Mar-26,C-COLLAGEN STRAWBERRY LEMONADE @6,C+COLLAGEN,8732.73
31-Mar-26,C-COLLAGEN STRAWBERRY LEMONADE @6,C+COLLAGEN,8732.73
31-Mar-26,TOLAK ANGIN CAIR /D12,TAC,267572.16
31-Mar-26,TOLAK ANGIN CAIR ANAK /D12,TAC ANAK,30965.27
31-Mar-26,R KUNYIT ASAM DATANG BULAN //CAR12,KUNYIT ASAM,31346.4
31-Mar-26,SUSU JAHE /R10,SUSU JAHE,102599.96
31-Mar-26,KOPI JAHE /R10,KOPI JAHE,136799.95
31-Mar-26,ALANGSARI PLUS JERUK NIPIS HANGER @720,ALANGSARI,17622.36
31-Mar-26,ALANGSARI PLUS JERUK MANIS HANGER @720,ALANGSARI,17622.36
31-Mar-26,ALANGSARI PLUS SIRSAK HANGER @720,ALANGSARI,17622.36
31-Mar-26,ESEMAG/D5,ESEMAG,32780.08
31-Mar-26,C-COLLAGEN STRAWBERRY LEMONADE @6,C+COLLAGEN,183388.63
